사고다발지fid,사고다발지id,법정동코드,지점코드,시도시군구명,지점명,사고건수,사상자수,사망자수,중상자수,경상자수,부상신고자수,경도,위도,다발지역폴리곤,구분
104490,2020058,4413111800,44131001,충청남도 천안시 동남구1,충청남도 천안시 동남구 신부동(터미널사거리 부근),16,17,0,4,13,0,127.15814457,36.81887156,"{""type"":""Polygon"",""coordinates"":[[[127.15926579,36.81887478],[127.15926118,36.81895333],[127.15924806,36.81903126],[127.15922655,36.81910798],[127.15919681,36.8191829],[127.15915905,36.81925545],[127.15911358,36.81932507],[127.15906073,36.81939125],[127.1590009,36.81945347],[127.15893456,36.81951126],[127.15886221,36.81956418],[127.1587844,36.81961183],[127.15870171,36.81965385],[127.15861479,36.81968991],[127.15852428,36.81971975],[127.15843089,36.81974313],[127.15833532,36.81975988],[127.1582383,36.81976986],[127.15814056,36.81977301],[127.15804285,36.8197693],[127.15794592,36.81975876],[127.1578505,36.81974146],[127.15775731,36.81971754],[127.15766708,36.81968719],[127.15758048,36.81965063],[127.15749817,36.81960814],[127.15742078,36.81956004],[127.1573489,36.8195067],[127.15728308,36.81944853],[127.15722381,36.81938597],[127.15717155,36.81931949],[127.15712669,36.8192496],[127.15708959,36.81917684],[127.15706051,36.81910175],[127.15703968,36.81902491],[127.15702726,36.81894691],[127.15702334,36.81886833],[127.15702796,36.81878977],[127.15704108,36.81871184],[127.15706259,36.81863513],[127.15709234,36.81856021],[127.15713009,36.81848766],[127.15717557,36.81841804],[127.15722842,36.81835186],[127.15728824,36.81828964],[127.15735458,36.81823185],[127.15742694,36.81817893],[127.15750475,36.81813128],[127.15758743,36.81808926],[127.15767436,36.8180532],[127.15776486,36.81802336],[127.15785825,36.81799998],[127.15795382,36.81798324],[127.15805084,36.81797325],[127.15814858,36.8179701],[127.15824628,36.81797381],[127.15834321,36.81798436],[127.15843863,36.81800165],[127.15853181,36.81802557],[127.15862204,36.81805592],[127.15870865,36.81809249],[127.15879095,36.81813498],[127.15886834,36.81818307],[127.15894022,36.81823641],[127.15900604,36.81829458],[127.15906531,36.81835714],[127.15911757,36.81842362],[127.15916243,36.8184935],[127.15919954,36.81856627],[127.15922862,36.81864135],[127.15924945,36.81871819],[127.15926187,36.8187962],[127.15926579,36.81887478]]]}",이륜차 사고다발지역
104438,2020058,4413310700,44133001,충청남도 천안시 서북구1,충청남도 천안시 서북구 쌍용동(현대증권 부근),23,27,0,11,12,4,127.12651821,36.79975464,"{""type"":""Polygon"",""coordinates"":[[[127.12763915,36.79975816],[127.1276345,36.79983671],[127.12762136,36.79991464],[127.12759982,36.79999135],[127.12757005,36.80006626],[127.12753228,36.8001388],[127.12748679,36.80020841],[127.12743392,36.80027458],[127.12737409,36.80033678],[127.12730774,36.80039455],[127.12723539,36.80044746],[127.12715757,36.80049509],[127.12707489,36.80053708],[127.12698797,36.80057312],[127.12689748,36.80060294],[127.1268041,36.80062629],[127.12670855,36.80064301],[127.12661154,36.80065297],[127.12651383,36.8006561],[127.12641615,36.80065236],[127.12631924,36.80064179],[127.12622385,36.80062447],[127.1261307,36.80060053],[127.1260405,36.80057015],[127.12595394,36.80053356],[127.12587167,36.80049105],[127.12579432,36.80044293],[127.12572248,36.80038958],[127.12565669,36.80033139],[127.12559747,36.80026881],[127.12554525,36.80020232],[127.12550043,36.80013242],[127.12546336,36.80005965],[127.12543432,36.79998455],[127.12541353,36.79990771],[127.12540115,36.7998297],[127.12539726,36.79975112],[127.12540191,36.79967256],[127.12541506,36.79959464],[127.1254366,36.79951792],[127.12546637,36.79944302],[127.12550414,36.79937048],[127.12554964,36.79930086],[127.1256025,36.7992347],[127.12566233,36.7991725],[127.12572868,36.79911473],[127.12580104,36.79906182],[127.12587885,36.79901419],[127.12596153,36.7989722],[127.12604845,36.79893616],[127.12613894,36.79890635],[127.12623232,36.79888299],[127.12632787,36.79886627],[127.12642487,36.79885631],[127.12652258,36.79885319],[127.12662026,36.79885693],[127.12671716,36.79886749],[127.12681255,36.79888482],[127.1269057,36.79890876],[127.1269959,36.79893913],[127.12708246,36.79897572],[127.12716473,36.79901823],[127.12724208,36.79906635],[127.12731392,36.7991197],[127.1273797,36.79917789],[127.12743893,36.79924047],[127.12749115,36.79930696],[127.12753597,36.79937686],[127.12757304,36.79944963],[127.12760208,36.79952472],[127.12762288,36.79960157],[127.12763526,36.79967958],[127.12763915,36.79975816]]]}",이륜차 사고다발지역
104223,2020058,4413310400,44133002,충청남도 천안시 서북구2,충청남도 천안시 서북구 두정동(원두정8길서부대로 부근),22,28,0,6,19,3,127.13339817,36.83304351,"{""type"":""Polygon"",""coordinates"":[[[127.1345196,36.83304696],[127.13451496,36.83312552],[127.13450182,36.83320345],[127.13448028,36.83328016],[127.1344505,36.83335507],[127.13441272,36.83342761],[127.13436721,36.83349723],[127.13431433,36.83356339],[127.13425448,36.8336256],[127.13418811,36.83368337],[127.13411572,36.83373628],[127.13403788,36.83378392],[127.13395517,36.83382592],[127.13386822,36.83386196],[127.13377769,36.83389178],[127.13368427,36.83391514],[127.13358867,36.83393187],[127.13349163,36.83394183],[127.13339387,36.83394496],[127.13329615,36.83394123],[127.1331992,36.83393066],[127.13310377,36.83391335],[127.13301058,36.83388941],[127.13292033,36.83385904],[127.13283373,36.83382246],[127.13275142,36.83377995],[127.13267403,36.83373184],[127.13260216,36.83367848],[127.13253634,36.8336203],[127.13247708,36.83355772],[127.13242483,36.83349124],[127.13237999,36.83342134],[127.1323429,36.83334857],[127.13231384,36.83327348],[127.13229303,36.83319664],[127.13228064,36.83311863],[127.13227675,36.83304005],[127.13228139,36.83296149],[127.13229453,36.83288357],[127.13231607,36.83280685],[127.13234585,36.83273194],[127.13238364,36.8326594],[127.13242914,36.83258979],[127.13248203,36.83252362],[127.13254188,36.83246142],[127.13260825,36.83240364],[127.13268063,36.83235073],[127.13275848,36.8323031],[127.13284119,36.8322611],[127.13292814,36.83222506],[127.13301867,36.83219524],[127.13311208,36.83217188],[127.13320768,36.83215515],[127.13330472,36.83214519],[127.13340247,36.83214206],[127.1335002,36.83214579],[127.13359714,36.83215636],[127.13369257,36.83217367],[127.13378576,36.83219761],[127.133876,36.83222798],[127.13396261,36.83226456],[127.13404491,36.83230707],[127.1341223,36.83235518],[127.13419418,36.83240853],[127.13425999,36.83246672],[127.13431925,36.83252929],[127.1343715,36.83259578],[127.13441634,36.83266567],[127.13445344,36.83273844],[127.1344825,36.83281353],[127.13450331,36.83289038],[127.13451571,36.83296838],[127.1345196,36.83304696]]]}",이륜차 사고다발지역
104549,2020058,4413310200,44133003,충청남도 천안시 서북구3,충청남도 천안시 서북구 성정동(쌍용대로성정중9길 부근),21,29,0,8,19,2,127.13778498,36.83032299,"{""type"":""Polygon"",""coordinates"":[[[127.13890637,36.8303264],[127.13890173,36.83040495],[127.1388886,36.83048288],[127.13886706,36.83055959],[127.13883729,36.83063451],[127.13879951,36.83070705],[127.13875401,36.83077667],[127.13870114,36.83084283],[127.13864129,36.83090504],[127.13857492,36.83096282],[127.13850255,36.83101573],[127.13842471,36.83106337],[127.138342,36.83110537],[127.13825505,36.83114142],[127.13816453,36.83117124],[127.13807112,36.83119461],[127.13797553,36.83121134],[127.13787848,36.8312213],[127.13778073,36.83122444],[127.13768301,36.83122071],[127.13758607,36.83121015],[127.13749064,36.83119284],[127.13739745,36.8311689],[127.13730721,36.83113853],[127.1372206,36.83110196],[127.13713829,36.83105945],[127.1370609,36.83101134],[127.13698903,36.83095799],[127.13692321,36.83089981],[127.13686395,36.83083724],[127.1368117,36.83077075],[127.13676686,36.83070086],[127.13672976,36.83062809],[127.1367007,36.83055299],[127.13667989,36.83047615],[127.13666749,36.83039814],[127.13666359,36.83031957],[127.13666823,36.83024101],[127.13668137,36.83016308],[127.13670291,36.83008637],[127.13673268,36.83001146],[127.13677046,36.82993892],[127.13681596,36.8298693],[127.13686884,36.82980313],[127.13692869,36.82974092],[127.13699505,36.82968315],[127.13706743,36.82963024],[127.13714527,36.8295826],[127.13722797,36.8295406],[127.13731492,36.82950455],[127.13740544,36.82947473],[127.13749885,36.82945137],[127.13759444,36.82943464],[127.13769148,36.82942467],[127.13778923,36.82942154],[127.13788695,36.82942526],[127.13798389,36.82943582],[127.13807932,36.82945314],[127.13817251,36.82947707],[127.13826275,36.82950744],[127.13834935,36.82954401],[127.13843166,36.82958652],[127.13850905,36.82963463],[127.13858092,36.82968798],[127.13864674,36.82974616],[127.138706,36.82980873],[127.13875825,36.82987522],[127.1388031,36.82994511],[127.13884019,36.83001788],[127.13886926,36.83009297],[127.13889007,36.83016981],[127.13890247,36.83024782],[127.13890637,36.8303264]]]}",이륜차 사고다발지역
104510,2020058,4413310400,44133004,충청남도 천안시 서북구4,충청남도 천안시 서북구 두정동(두정로쌍용대로 부근),17,22,0,9,13,0,127.13811635,36.8337766,"{""type"":""Polygon"",""coordinates"":[[[127.13923779,36.83378001],[127.13923315,36.83385856],[127.13922002,36.83393649],[127.13919848,36.83401321],[127.13916871,36.83408812],[127.13913093,36.83416066],[127.13908543,36.83423028],[127.13903255,36.83429644],[127.1389727,36.83435865],[127.13890633,36.83441643],[127.13883395,36.83446934],[127.13875611,36.83451698],[127.1386734,36.83455898],[127.13858645,36.83459503],[127.13849592,36.83462485],[127.1384025,36.83464822],[127.13830691,36.83466495],[127.13820986,36.83467492],[127.1381121,36.83467805],[127.13801438,36.83467432],[127.13791743,36.83466376],[127.137822,36.83464645],[127.1377288,36.83462252],[127.13763856,36.83459215],[127.13755195,36.83455557],[127.13746963,36.83451307],[127.13739224,36.83446495],[127.13732036,36.83441161],[127.13725454,36.83435342],[127.13719528,36.83429085],[127.13714303,36.83422437],[127.13709818,36.83415447],[127.13706109,36.8340817],[127.13703202,36.83400661],[127.13701121,36.83392977],[127.13699881,36.83385176],[127.13699491,36.83377318],[127.13699955,36.83369463],[127.13701269,36.8336167],[127.13703423,36.83353999],[127.137064,36.83346507],[127.13710178,36.83339253],[127.13714728,36.83332292],[127.13720016,36.83325675],[127.13726001,36.83319454],[127.13732638,36.83313676],[127.13739876,36.83308385],[127.1374766,36.83303622],[127.13755931,36.83299421],[127.13764626,36.83295817],[127.13773679,36.83292835],[127.13783021,36.83290498],[127.1379258,36.83288825],[127.13802284,36.83287828],[127.1381206,36.83287515],[127.13821832,36.83287888],[127.13831527,36.83288944],[127.1384107,36.83290675],[127.13850389,36.83293068],[127.13859413,36.83296105],[127.13868074,36.83299763],[127.13876305,36.83304013],[127.13884044,36.83308824],[127.13891232,36.83314159],[127.13897814,36.83319977],[127.13903741,36.83326234],[127.13908966,36.83332883],[127.13913451,36.83339872],[127.13917161,36.83347149],[127.13920067,36.83354658],[127.13922149,36.83362342],[127.13923389,36.83370143],[127.13923779,36.83378001]]]}",이륜차 사고다발지역
6773866,2022032,4413111800,44131001,충청남도 천안시 동남구1,충청남도 천안시 동남구 신부동(역말오거리 부근),4,8,0,5,3,0,127.15318482632,36.824698691392,"{""type"":""Polygon"",""coordinates"":[[[127.15408314,36.82469869],[127.15406588,36.82455841],[127.15401476,36.82442351],[127.15393175,36.82429919],[127.15382003,36.82419023],[127.1536839,36.8241008],[127.1535286,36.82403435],[127.15336008,36.82399343],[127.15318483,36.82397961],[127.15300957,36.82399343],[127.15284106,36.82403435],[127.15268575,36.8241008],[127.15254962,36.82419023],[127.1524379,36.82429919],[127.15235489,36.82442351],[127.15230377,36.82455841],[127.15228651,36.82469869],[127.15230377,36.82483898],[127.15235489,36.82497387],[127.1524379,36.82509819],[127.15254962,36.82520715],[127.15268575,36.82529658],[127.15284106,36.82536303],[127.15300957,36.82540395],[127.15318483,36.82541777],[127.15336008,36.82540395],[127.1535286,36.82536303],[127.1536839,36.82529658],[127.15382003,36.82520715],[127.15393175,36.82509819],[127.15401476,36.82497387],[127.15406588,36.82483898],[127.15408314,36.82469869]]]}",이륜차 사고다발지역
6773449,2022032,4413310400,44133001,충청남도 천안시 서북구1,충청남도 천안시 서북구 두정동(대전충남양돈농협신두 부근),4,7,0,4,3,0,127.138341147227,36.833669108643,"{""type"":""Polygon"",""coordinates"":[[[127.13923946,36.83366911],[127.1392222,36.83352884],[127.13917108,36.83339396],[127.13908807,36.83326966],[127.13897635,36.8331607],[127.13884022,36.83307129],[127.13868492,36.83300484],[127.1385164,36.83296393],[127.13834115,36.83295011],[127.13816589,36.83296393],[127.13799738,36.83300484],[127.13784207,36.83307129],[127.13770594,36.8331607],[127.13759423,36.83326966],[127.13751121,36.83339396],[127.13746009,36.83352884],[127.13744283,36.83366911],[127.13746009,36.83380938],[127.13751121,36.83394425],[127.13759423,36.83406856],[127.13770594,36.83417751],[127.13784207,36.83426693],[127.13799738,36.83433337],[127.13816589,36.83437428],[127.13834115,36.8343881],[127.1385164,36.83437428],[127.13868492,36.83433337],[127.13884022,36.83426693],[127.13897635,36.83417751],[127.13908807,36.83406856],[127.13917108,36.83394425],[127.1392222,36.83380938],[127.13923946,36.83366911]]]}",이륜차 사고다발지역
6773986,2022032,4413310200,44133002,충청남도 천안시 서북구2,충청남도 천안시 서북구 성정동(천안배원예농협천안지 부근),4,6,0,4,2,0,127.137291197732,36.818521310311,"{""type"":""Polygon"",""coordinates"":[[[127.13818951,36.81852131],[127.13817225,36.81838101],[127.13812113,36.81824611],[127.13803812,36.81812178],[127.1379264,36.8180128],[127.13779027,36.81792337],[127.13763497,36.81785691],[127.13746645,36.81781599],[127.1372912,36.81780217],[127.13711595,36.81781599],[127.13694743,36.81785691],[127.13679212,36.81792337],[127.13665599,36.8180128],[127.13654428,36.81812178],[127.13646126,36.81824611],[127.13641014,36.81838101],[127.13639288,36.81852131],[127.13641014,36.81866161],[127.13646126,36.81879651],[127.13654428,36.81892084],[127.13665599,36.81902981],[127.13679212,36.81911925],[127.13694743,36.8191857],[127.13711595,36.81922662],[127.1372912,36.81924044],[127.13746645,36.81922662],[127.13763497,36.8191857],[127.13779027,36.81911925],[127.1379264,36.81902981],[127.13803812,36.81892084],[127.13812113,36.81879651],[127.13817225,36.81866161],[127.13818951,36.81852131]]]}",이륜차 사고다발지역
6814313,2023017,4413111800,44131001,충청남도 천안시 동남구1,충청남도 천안시 동남구 신부동(터미널사거리 부근),4,5,0,4,1,0,127.158055189824,36.81879918267,"{""type"":""MultiPolygon"",""coordinates"":[[[[127.15895351,36.81879918],[127.15893624,36.81865889],[127.15888512,36.81852398],[127.15880211,36.81839965],[127.15869039,36.81829068],[127.15855427,36.81820124],[127.15839896,36.81813479],[127.15823044,36.81809386],[127.15805519,36.81808005],[127.15787994,36.81809386],[127.15771142,36.81813479],[127.15755611,36.81820124],[127.15741998,36.81829068],[127.15730827,36.81839965],[127.15722525,36.81852398],[127.15717414,36.81865889],[127.15715687,36.81879918],[127.15717414,36.81893948],[127.15722525,36.81907438],[127.15730827,36.81919871],[127.15741998,36.81930768],[127.15755611,36.81939712],[127.15771142,36.81946357],[127.15787994,36.81950449],[127.15805519,36.81951831],[127.15823044,36.81950449],[127.15839896,36.81946357],[127.15855427,36.81939712],[127.15869039,36.81930768],[127.15880211,36.81919871],[127.15888512,36.81907438],[127.15893624,36.81893948],[127.15895351,36.81879918]]]]}",이륜차 사고다발지역
6814653,2023017,4413310400,44133001,충청남도 천안시 서북구1,충청남도 천안시 서북구 두정동(현대자동차 사거리 부근),5,8,0,5,2,1,127.139026493682,36.833654772811,"{""type"":""MultiPolygon"",""coordinates"":[[[[127.13992481,36.83365477],[127.13990755,36.8335145],[127.13985643,36.83337963],[127.13977342,36.83325532],[127.1396617,36.83314637],[127.13952557,36.83305695],[127.13937026,36.83299051],[127.13920175,36.83294959],[127.13902649,36.83293578],[127.13885124,36.83294959],[127.13868272,36.83299051],[127.13852742,36.83305695],[127.13839129,36.83314637],[127.13827957,36.83325532],[127.13819656,36.83337963],[127.13814544,36.8335145],[127.13812818,36.83365477],[127.13814544,36.83379504],[127.13819656,36.83392992],[127.13827957,36.83405422],[127.13839129,36.83416318],[127.13852742,36.83425259],[127.13868272,36.83431903],[127.13885124,36.83435995],[127.13902649,36.83437376],[127.13920175,36.83435995],[127.13937026,36.83431903],[127.13952557,36.83425259],[127.1396617,36.83416318],[127.13977342,36.83405422],[127.13985643,36.83392992],[127.13990755,36.83379504],[127.13992481,36.83365477]]]]}",이륜차 사고다발지역
6814302,2023017,4413310400,44133002,충청남도 천안시 서북구2,충청남도 천안시 서북구 두정동(역말오거리 부근),4,9,0,5,4,0,127.153094144889,36.824914777856,"{""type"":""MultiPolygon"",""coordinates"":[[[[127.15399246,36.82491478],[127.1539752,36.82477449],[127.15392408,36.8246396],[127.15384107,36.82451528],[127.15372935,36.82440631],[127.15359322,36.82431689],[127.15343792,36.82425044],[127.1532694,36.82420952],[127.15309414,36.8241957],[127.15291889,36.82420952],[127.15275037,36.82425044],[127.15259507,36.82431689],[127.15245894,36.82440631],[127.15234722,36.82451528],[127.15226421,36.8246396],[127.15221309,36.82477449],[127.15219583,36.82491478],[127.15221309,36.82505506],[127.15226421,36.82518996],[127.15234722,36.82531427],[127.15245894,36.82542324],[127.15259507,36.82551266],[127.15275037,36.82557911],[127.15291889,36.82562003],[127.15309414,36.82563385],[127.1532694,36.82562003],[127.15343792,36.82557911],[127.15359322,36.82551266],[127.15372935,36.82542324],[127.15384107,36.82531427],[127.15392408,36.82518996],[127.1539752,36.82505506],[127.15399246,36.82491478]]]]}",이륜차 사고다발지역
6814454,2023017,4413310200,44133003,충청남도 천안시 서북구3,충청남도 천안시 서북구 성정동(백석로253 부근),4,6,0,4,2,0,127.13854679047,36.818561191444,"{""type"":""MultiPolygon"",""coordinates"":[[[[127.13944511,36.81856119],[127.13942784,36.8184209],[127.13937673,36.81828599],[127.13929371,36.81816166],[127.139182,36.81805268],[127.13904587,36.81796325],[127.13889056,36.81789679],[127.13872204,36.81785587],[127.13854679,36.81784205],[127.13837154,36.81785587],[127.13820302,36.81789679],[127.13804771,36.81796325],[127.13791159,36.81805268],[127.13779987,36.81816166],[127.13771686,36.81828599],[127.13766574,36.8184209],[127.13764848,36.81856119],[127.13766574,36.81870149],[127.13771686,36.81883639],[127.13779987,36.81896072],[127.13791159,36.81906969],[127.13804771,36.81915913],[127.13820302,36.81922558],[127.13837154,36.81926651],[127.13854679,36.81928032],[127.13872204,36.81926651],[127.13889056,36.81922558],[127.13904587,36.81915913],[127.139182,36.81906969],[127.13929371,36.81896072],[127.13937673,36.81883639],[127.13942784,36.81870149],[127.13944511,36.81856119]]]]}",이륜차 사고다발지역
6930353,2024047,4413111800,44131001,충남 천안시 동남구1,충남 천안시 동남구 신부동(방죽안오거리 부근),4,7,0,4,3,0,127.152179128824,36.818971448244,"{""type"":""Polygon"",""coordinates"":[[[127.15307744,36.81875011],[127.15306018,36.81860921],[127.15300906,36.81847372],[127.15292605,36.81834886],[127.15281433,36.81823941],[127.15267821,36.81814959],[127.1525229,36.81808285],[127.15235438,36.81804175],[127.15217913,36.81802787],[127.15200388,36.81804175],[127.15183536,36.81808285],[127.15168005,36.81814959],[127.15154392,36.81823941],[127.15143221,36.81834886],[127.15134919,36.81847372],[127.15129807,36.81860921],[127.15128081,36.81875011],[127.15129807,36.81889101],[127.15134919,36.81902649],[127.15143221,36.81915136],[127.15154392,36.8192608],[127.15168005,36.81935062],[127.15183536,36.81941736],[127.15200388,36.81945846],[127.15217913,36.81947234],[127.15235438,36.81945846],[127.1525229,36.81941736],[127.15267821,36.81935062],[127.15281433,36.8192608],[127.15292605,36.81915136],[127.15300906,36.81902649],[127.15306018,36.81889101],[127.15307744,36.81875011]]]}",이륜차 사고다발지역
6930258,2024047,4413310800,44133001,충남 천안시 서북구1,충남 천안시 서북구 불당동(청담약국 부근),5,6,1,4,0,1,127.10858202594,36.811921697661,"{""type"":""Polygon"",""coordinates"":[[[127.10948034,36.81170045],[127.10946308,36.81155953],[127.10941196,36.81142403],[127.10932895,36.81129916],[127.10921723,36.8111897],[127.1090811,36.81109987],[127.1089258,36.81103313],[127.10875728,36.81099202],[127.10858203,36.81097814],[127.10840677,36.81099202],[127.10823826,36.81103313],[127.10808295,36.81109987],[127.10794682,36.8111897],[127.1078351,36.81129916],[127.10775209,36.81142403],[127.10770097,36.81155953],[127.10768371,36.81170045],[127.10770097,36.81184136],[127.10775209,36.81197686],[127.1078351,36.81210173],[127.10794682,36.81221119],[127.10808295,36.81230101],[127.10823826,36.81236776],[127.10840677,36.81240886],[127.10858203,36.81242274],[127.10875728,36.81240886],[127.1089258,36.81236776],[127.1090811,36.81230101],[127.10921723,36.81221119],[127.10932895,36.81210173],[127.10941196,36.81197686],[127.10946308,36.81184136],[127.10948034,36.81170045]]]}",이륜차 사고다발지역
6930293,2024047,4413310200,44133002,충남 천안시 서북구2,충남 천안시 서북구 성정동(하늘약국 부근),5,7,0,5,2,0,127.134990911389,36.814045610291,"{""type"":""Polygon"",""coordinates"":[[[127.13588923,36.81382433],[127.13587197,36.81368342],[127.13582085,36.81354793],[127.13573783,36.81342305],[127.13562612,36.8133136],[127.13548999,36.81322378],[127.13533468,36.81315703],[127.13516616,36.81311593],[127.13499091,36.81310205],[127.13481566,36.81311593],[127.13464714,36.81315703],[127.13449183,36.81322378],[127.13435571,36.8133136],[127.13424399,36.81342305],[127.13416098,36.81354793],[127.13410986,36.81368342],[127.1340926,36.81382433],[127.13410986,36.81396524],[127.13416098,36.81410074],[127.13424399,36.81422561],[127.13435571,36.81433506],[127.13449183,36.81442488],[127.13464714,36.81449163],[127.13481566,36.81453273],[127.13499091,36.81454661],[127.13516616,36.81453273],[127.13533468,36.81449163],[127.13548999,36.81442488],[127.13562612,36.81433506],[127.13573783,36.81422561],[127.13582085,36.81410074],[127.13587197,36.81396524],[127.13588923,36.81382433]]]}",이륜차 사고다발지역
6930513,2024047,4413310400,44133003,충남 천안시 서북구3,충남 천안시 서북구 두정동(두정제일약국 부근),5,6,0,5,0,1,127.139132579681,36.833676946417,"{""type"":""Polygon"",""coordinates"":[[[127.14003089,36.83345542],[127.14001363,36.83331455],[127.13996251,36.83317909],[127.1398795,36.83305425],[127.13976778,36.83294482],[127.13963166,36.83285502],[127.13947635,36.83278829],[127.13930783,36.8327472],[127.13913258,36.83273333],[127.13895733,36.8327472],[127.13878881,36.83278829],[127.1386335,36.83285502],[127.13849737,36.83294482],[127.13838566,36.83305425],[127.13830264,36.83317909],[127.13825153,36.83331455],[127.13823426,36.83345542],[127.13825153,36.83359629],[127.13830264,36.83373175],[127.13838566,36.83385659],[127.13849737,36.83396602],[127.1386335,36.83405582],[127.13878881,36.83412254],[127.13895733,36.83416363],[127.13913258,36.83417751],[127.13930783,36.83416363],[127.13947635,36.83412254],[127.13963166,36.83405582],[127.13976778,36.83396602],[127.1398795,36.83385659],[127.13996251,36.83373175],[127.14001363,36.83359629],[127.14003089,36.83345542]]]}",이륜차 사고다발지역
6930407,2024047,4413310400,44133004,충남 천안시 서북구4,충남 천안시 서북구 두정동(두정먹자골목 부근),4,7,0,4,2,1,127.135726288689,36.83288135985,"{""type"":""Polygon"",""coordinates"":[[[127.1366246,36.83265984],[127.13660734,36.83251897],[127.13655622,36.83238351],[127.13647321,36.83225867],[127.13636149,36.83214924],[127.13622537,36.83205944],[127.13607006,36.83199271],[127.13590154,36.83195162],[127.13572629,36.83193774],[127.13555104,36.83195162],[127.13538252,36.83199271],[127.13522721,36.83205944],[127.13509108,36.83214924],[127.13497937,36.83225867],[127.13489635,36.83238351],[127.13484523,36.83251897],[127.13482797,36.83265984],[127.13484523,36.83280072],[127.13489635,36.83293618],[127.13497937,36.83306102],[127.13509108,36.83317044],[127.13522721,36.83326025],[127.13538252,36.83332697],[127.13555104,36.83336807],[127.13572629,36.83338194],[127.13590154,36.83336807],[127.13607006,36.83332697],[127.13622537,36.83326025],[127.13636149,36.83317044],[127.13647321,36.83306102],[127.13655622,36.83293618],[127.13660734,36.83280072],[127.1366246,36.83265984]]]}",이륜차 사고다발지역
6779184,2022040,4413110200,44131001,충청남도 천안시 동남구1,충청남도 천안시 동남구 성황동(포토베이스 부근),8,8,0,8,0,0,127.149146410779,36.812778481643,"{""type"":""Polygon"",""coordinates"":[[[127.15004473,36.81277848],[127.15002747,36.81263817],[127.14997635,36.81250326],[127.14989333,36.81237892],[127.14978162,36.81226994],[127.14964549,36.8121805],[127.14949018,36.81211403],[127.14932166,36.81207311],[127.14914641,36.81205929],[127.14897116,36.81207311],[127.14880264,36.81211403],[127.14864733,36.8121805],[127.14851121,36.81226994],[127.14839949,36.81237892],[127.14831648,36.81250326],[127.14826536,36.81263817],[127.1482481,36.81277848],[127.14826536,36.81291879],[127.14831648,36.8130537],[127.14839949,36.81317804],[127.14851121,36.81328702],[127.14864733,36.81337646],[127.14880264,36.81344292],[127.14897116,36.81348385],[127.14914641,36.81349767],[127.14932166,36.81348385],[127.14949018,36.81344292],[127.14964549,36.81337646],[127.14978162,36.81328702],[127.14989333,36.81317804],[127.14997635,36.8130537],[127.15002747,36.81291879],[127.15004473,36.81277848]]]}",보행자 사고다발지역
6778889,2022040,4413110500,44131002,충청남도 천안시 동남구2,충청남도 천안시 동남구 영성동(남산사거리 부근),8,8,0,8,0,0,127.149203164296,36.800338396301,"{""type"":""Polygon"",""coordinates"":[[[127.15010148,36.8003384],[127.15008422,36.80019807],[127.1500331,36.80006313],[127.14995009,36.79993877],[127.14983837,36.79982977],[127.14970224,36.79974031],[127.14954693,36.79967384],[127.14937842,36.79963291],[127.14920316,36.79961909],[127.14902791,36.79963291],[127.14885939,36.79967384],[127.14870409,36.79974031],[127.14856796,36.79982977],[127.14845624,36.79993877],[127.14837323,36.80006313],[127.14832211,36.80019807],[127.14830485,36.8003384],[127.14832211,36.80047873],[127.14837323,36.80061366],[127.14845624,36.80073802],[127.14856796,36.80084702],[127.14870409,36.80093648],[127.14885939,36.80100295],[127.14902791,36.80104388],[127.14920316,36.8010577],[127.14937842,36.80104388],[127.14954693,36.80100295],[127.14970224,36.80093648],[127.14983837,36.80084702],[127.14995009,36.80073802],[127.1500331,36.80061366],[127.15008422,36.80047873],[127.15010148,36.8003384]]]}",보행자 사고다발지역
6779136,2022040,4413110900,44131003,충청남도 천안시 동남구3,충청남도 천안시 동남구 청수동(속성변화점 부근),7,8,1,6,1,0,127.152804860957,36.797103676994,"{""type"":""Polygon"",""coordinates"":[[[127.15370318,36.79710368],[127.15368592,36.79696334],[127.1536348,36.7968284],[127.15355178,36.79670403],[127.15344007,36.79659503],[127.15330394,36.79650557],[127.15314863,36.79643909],[127.15298011,36.79639816],[127.15280486,36.79638434],[127.15262961,36.79639816],[127.15246109,36.79643909],[127.15230578,36.79650557],[127.15216966,36.79659503],[127.15205794,36.79670403],[127.15197493,36.7968284],[127.15192381,36.79696334],[127.15190655,36.79710368],[127.15192381,36.79724401],[127.15197493,36.79737895],[127.15205794,36.79750332],[127.15216966,36.79761232],[127.15230578,36.79770178],[127.15246109,36.79776825],[127.15262961,36.79780919],[127.15280486,36.79782301],[127.15298011,36.79780919],[127.15314863,36.79776825],[127.15330394,36.79770178],[127.15344007,36.79761232],[127.15355178,36.79750332],[127.1536348,36.79737895],[127.15368592,36.79724401],[127.15370318,36.79710368]]]}",보행자 사고다발지역
6779344,2022040,4413110100,44131004,충청남도 천안시 동남구4,충청남도 천안시 동남구 대흥동(천안역앞교차로 부근),7,7,0,7,0,0,127.148935356982,36.809893165138,"{""type"":""Polygon"",""coordinates"":[[[127.14983367,36.80989317],[127.14981641,36.80975285],[127.14976529,36.80961793],[127.14968228,36.80949359],[127.14957056,36.8093846],[127.14943443,36.80929516],[127.14927913,36.80922869],[127.14911061,36.80918777],[127.14893536,36.80917395],[127.1487601,36.80918777],[127.14859159,36.80922869],[127.14843628,36.80929516],[127.14830015,36.8093846],[127.14818844,36.80949359],[127.14810542,36.80961793],[127.1480543,36.80975285],[127.14803704,36.80989317],[127.1480543,36.81003348],[127.14810542,36.8101684],[127.14818844,36.81029274],[127.14830015,36.81040173],[127.14843628,36.81049117],[127.14859159,36.81055763],[127.1487601,36.81059856],[127.14893536,36.81061238],[127.14911061,36.81059856],[127.14927913,36.81055763],[127.14943443,36.81049117],[127.14957056,36.81040173],[127.14968228,36.81029274],[127.14976529,36.8101684],[127.14981641,36.81003348],[127.14983367,36.80989317]]]}",보행자 사고다발지역
6779249,2022040,4413310400,44133001,충청남도 천안시 서북구1,충청남도 천안시 서북구 두정동(프라지움1차 부근),7,12,3,9,0,0,127.138288513505,36.832938763814,"{""type"":""Polygon"",""coordinates"":[[[127.13918683,36.83293876],[127.13916957,36.83279849],[127.13911845,36.83266361],[127.13903544,36.83253931],[127.13892372,36.83243035],[127.13878759,36.83234094],[127.13863228,36.83227449],[127.13846377,36.83223358],[127.13828851,36.83221976],[127.13811326,36.83223358],[127.13794474,36.83227449],[127.13778944,36.83234094],[127.13765331,36.83243035],[127.13754159,36.83253931],[127.13745858,36.83266361],[127.13740746,36.83279849],[127.1373902,36.83293876],[127.13740746,36.83307903],[127.13745858,36.83321391],[127.13754159,36.83333822],[127.13765331,36.83344717],[127.13778944,36.83353659],[127.13794474,36.83360303],[127.13811326,36.83364394],[127.13828851,36.83365776],[127.13846377,36.83364394],[127.13863228,36.83360303],[127.13878759,36.83353659],[127.13892372,36.83344717],[127.13903544,36.83333822],[127.13911845,36.83321391],[127.13916957,36.83307903],[127.13918683,36.83293876]]]}",보행자 사고다발지역
6779349,2022040,4413310400,44133002,충청남도 천안시 서북구2,충청남도 천안시 서북구 두정동(대전지방고용노동청천 부근),7,8,0,7,1,0,127.133576803428,36.833284920963,"{""type"":""Polygon"",""coordinates"":[[[127.13447512,36.83328492],[127.13445786,36.83314465],[127.13440674,36.83300977],[127.13432373,36.83288547],[127.13421201,36.83277651],[127.13407588,36.83268709],[127.13392057,36.83262065],[127.13375206,36.83257974],[127.1335768,36.83256592],[127.13340155,36.83257974],[127.13323303,36.83262065],[127.13307773,36.83268709],[127.1329416,36.83277651],[127.13282988,36.83288547],[127.13274687,36.83300977],[127.13269575,36.83314465],[127.13267849,36.83328492],[127.13269575,36.83342519],[127.13274687,36.83356007],[127.13282988,36.83368437],[127.1329416,36.83379333],[127.13307773,36.83388274],[127.13323303,36.83394918],[127.13340155,36.8339901],[127.1335768,36.83400391],[127.13375206,36.8339901],[127.13392057,36.83394918],[127.13407588,36.83388274],[127.13421201,36.83379333],[127.13432373,36.83368437],[127.13440674,36.83356007],[127.13445786,36.83342519],[127.13447512,36.83328492]]]}",보행자 사고다발지역
6838256,2023060,4413110900,44131001,충남 천안시 동남구1,충남 천안시 동남구 청수동(청수 행복어린이집 부근),7,8,1,6,1,0,127.152843360176,36.797266053194,"{""type"":""Polygon"",""coordinates"":[[[127.15374168,36.79726605],[127.15372441,36.79712572],[127.1536733,36.79699078],[127.15359028,36.79686641],[127.15347857,36.7967574],[127.15334244,36.79666795],[127.15318713,36.79660147],[127.15301861,36.79656054],[127.15284336,36.79654671],[127.15266811,36.79656054],[127.15249959,36.79660147],[127.15234428,36.79666795],[127.15220816,36.7967574],[127.15209644,36.79686641],[127.15201343,36.79699078],[127.15196231,36.79712572],[127.15194504,36.79726605],[127.15196231,36.79740639],[127.15201343,36.79754133],[127.15209644,36.79766569],[127.15220816,36.7977747],[127.15234428,36.79786416],[127.15249959,36.79793063],[127.15266811,36.79797156],[127.15284336,36.79798538],[127.15301861,36.79797156],[127.15318713,36.79793063],[127.15334244,36.79786416],[127.15347857,36.7977747],[127.15359028,36.79766569],[127.1536733,36.79754133],[127.15372441,36.79740639],[127.15374168,36.79726605]]]}",보행자 사고다발지역
6838229,2023060,4413110400,44131002,충남 천안시 동남구2,충남 천안시 동남구 사직동(순복음온누리평화교회 부근),7,7,0,7,0,0,127.148803970436,36.800612165561,"{""type"":""Polygon"",""coordinates"":[[[127.14970229,36.80061217],[127.14968502,36.80047184],[127.14963391,36.8003369],[127.14955089,36.80021254],[127.14943918,36.80010354],[127.14930305,36.80001408],[127.14914774,36.79994761],[127.14897922,36.79990668],[127.14880397,36.79989286],[127.14862872,36.79990668],[127.1484602,36.79994761],[127.14830489,36.80001408],[127.14816877,36.80010354],[127.14805705,36.80021254],[127.14797404,36.8003369],[127.14792292,36.80047184],[127.14790566,36.80061217],[127.14792292,36.80075249],[127.14797404,36.80088743],[127.14805705,36.80101179],[127.14816877,36.80112079],[127.14830489,36.80121024],[127.1484602,36.80127671],[127.14862872,36.80131764],[127.14880397,36.80133147],[127.14897922,36.80131764],[127.14914774,36.80127671],[127.14930305,36.80121024],[127.14943918,36.80112079],[127.14955089,36.80101179],[127.14963391,36.80088743],[127.14968502,36.80075249],[127.14970229,36.80061217]]]}",보행자 사고다발지역
6838580,2023060,4413111800,44131003,충남 천안시 동남구3,충남 천안시 동남구 신부동(에이프릴의원 부근),9,10,0,10,0,0,127.15549406511,36.818597975209,"{""type"":""Polygon"",""coordinates"":[[[127.15639238,36.81859798],[127.15637512,36.81845768],[127.156324,36.81832277],[127.15624099,36.81819844],[127.15612927,36.81808947],[127.15599314,36.81800003],[127.15583784,36.81793358],[127.15566932,36.81789266],[127.15549407,36.81787884],[127.15531881,36.81789266],[127.15515029,36.81793358],[127.15499499,36.81800003],[127.15485886,36.81808947],[127.15474714,36.81819844],[127.15466413,36.81832277],[127.15461301,36.81845768],[127.15459575,36.81859798],[127.15461301,36.81873827],[127.15466413,36.81887318],[127.15474714,36.8189975],[127.15485886,36.81910648],[127.15499499,36.81919591],[127.15515029,36.81926237],[127.15531881,36.81930329],[127.15549407,36.81931711],[127.15566932,36.81930329],[127.15583784,36.81926237],[127.15599314,36.81919591],[127.15612927,36.81910648],[127.15624099,36.8189975],[127.156324,36.81887318],[127.15637512,36.81873827],[127.15639238,36.81859798]]]}",보행자 사고다발지역
6838567,2023060,4413111800,44131004,충남 천안시 동남구4,충남 천안시 동남구 신부동(방죽안오거리 부근),7,10,0,8,2,0,127.152005828767,36.818862765322,"{""type"":""Polygon"",""coordinates"":[[[127.15290414,36.81886277],[127.15288688,36.81872247],[127.15283576,36.81858756],[127.15275275,36.81846324],[127.15264103,36.81835426],[127.15250491,36.81826483],[127.1523496,36.81819837],[127.15218108,36.81815745],[127.15200583,36.81814363],[127.15183058,36.81815745],[127.15166206,36.81819837],[127.15150675,36.81826483],[127.15137062,36.81835426],[127.15125891,36.81846324],[127.15117589,36.81858756],[127.15112477,36.81872247],[127.15110751,36.81886277],[127.15112477,36.81900306],[127.15117589,36.81913796],[127.15125891,36.81926229],[127.15137062,36.81937127],[127.15150675,36.8194607],[127.15166206,36.81952715],[127.15183058,36.81956808],[127.15200583,36.81958189],[127.15218108,36.81956808],[127.1523496,36.81952715],[127.15250491,36.8194607],[127.15264103,36.81937127],[127.15275275,36.81926229],[127.15283576,36.81913796],[127.15288688,36.81900306],[127.15290414,36.81886277]]]}",보행자 사고다발지역
6838540,2023060,4413310400,44133001,충남 천안시 서북구1,충남 천안시 서북구 두정동(시엘치과 부근),7,7,0,7,0,0,127.139384906775,36.833616387808,"{""type"":""Polygon"",""coordinates"":[[[127.14028322,36.83361639],[127.14026596,36.83347612],[127.14021484,36.83334124],[127.14013183,36.83321694],[127.14002011,36.83310798],[127.13988398,36.83301856],[127.13972868,36.83295212],[127.13956016,36.83291121],[127.13938491,36.83289739],[127.13920965,36.83291121],[127.13904114,36.83295212],[127.13888583,36.83301856],[127.1387497,36.83310798],[127.13863798,36.83321694],[127.13855497,36.83334124],[127.13850385,36.83347612],[127.13848659,36.83361639],[127.13850385,36.83375666],[127.13855497,36.83389153],[127.13863798,36.83401584],[127.1387497,36.83412479],[127.13888583,36.83421421],[127.13904114,36.83428065],[127.13920965,36.83432156],[127.13938491,36.83433538],[127.13956016,36.83432156],[127.13972868,36.83428065],[127.13988398,36.83421421],[127.14002011,36.83412479],[127.14013183,36.83401584],[127.14021484,36.83389153],[127.14026596,36.83375666],[127.14028322,36.83361639]]]}",보행자 사고다발지역
6838293,2023060,4413310400,44133002,충남 천안시 서북구2,충남 천안시 서북구 두정동(송하유승훈소아치과의원 부근),7,9,2,7,0,0,127.13750292755,36.832124219126,"{""type"":""Polygon"",""coordinates"":[[[127.13840124,36.83212422],[127.13838398,36.83198395],[127.13833286,36.83184907],[127.13824985,36.83172476],[127.13813813,36.8316158],[127.138002,36.83152638],[127.1378467,36.83145994],[127.13767818,36.83141902],[127.13750293,36.83140521],[127.13732767,36.83141902],[127.13715916,36.83145994],[127.13700385,36.83152638],[127.13686772,36.8316158],[127.13675601,36.83172476],[127.13667299,36.83184907],[127.13662187,36.83198395],[127.13660461,36.83212422],[127.13662187,36.83226449],[127.13667299,36.83239937],[127.13675601,36.83252368],[127.13686772,36.83263263],[127.13700385,36.83272205],[127.13715916,36.83278849],[127.13732767,36.83282941],[127.13750293,36.83284322],[127.13767818,36.83282941],[127.1378467,36.83278849],[127.138002,36.83272205],[127.13813813,36.83263263],[127.13824985,36.83252368],[127.13833286,36.83239937],[127.13838398,36.83226449],[127.13840124,36.83212422]]]}",보행자 사고다발지역
6932024,2024051,4413110500,44131001,충남 천안시 동남구1,충남 천안시 동남구 영성동(건강누리약국 부근),9,10,2,7,1,0,127.152233654263,36.797863587657,"{""type"":""Polygon"",""coordinates"":[[[127.15313197,36.79764251],[127.15311471,36.79750157],[127.15306359,36.79736605],[127.15298058,36.79724115],[127.15286886,36.79713167],[127.15273273,36.79704183],[127.15257742,36.79697507],[127.15240891,36.79693396],[127.15223365,36.79692008],[127.1520584,36.79693396],[127.15188988,36.79697507],[127.15173458,36.79704183],[127.15159845,36.79713167],[127.15148673,36.79724115],[127.15140372,36.79736605],[127.1513526,36.79750157],[127.15133534,36.79764251],[127.1513526,36.79778345],[127.15140372,36.79791898],[127.15148673,36.79804387],[127.15159845,36.79815335],[127.15173458,36.79824319],[127.15188988,36.79830995],[127.1520584,36.79835106],[127.15223365,36.79836494],[127.15240891,36.79835106],[127.15257742,36.79830995],[127.15273273,36.79824319],[127.15286886,36.79815335],[127.15298058,36.79804387],[127.15306359,36.79791898],[127.15311471,36.79778345],[127.15313197,36.79764251]]]}",보행자 사고다발지역
6932106,2024051,4413111800,44131002,충남 천안시 동남구2,충남 천안시 동남구 신부동(조인약국 부근),7,7,1,6,0,0,127.155826465965,36.818622528186,"{""type"":""Polygon"",""coordinates"":[[[127.15672478,36.81840119],[127.15670752,36.81826029],[127.1566564,36.8181248],[127.15657339,36.81799994],[127.15646167,36.81789049],[127.15632554,36.81780067],[127.15617024,36.81773393],[127.15600172,36.81769283],[127.15582647,36.81767895],[127.15565121,36.81769283],[127.1554827,36.81773393],[127.15532739,36.81780067],[127.15519126,36.81789049],[127.15507954,36.81799994],[127.15499653,36.8181248],[127.15494541,36.81826029],[127.15492815,36.81840119],[127.15494541,36.81854209],[127.15499653,36.81867758],[127.15507954,36.81880244],[127.15519126,36.81891189],[127.15532739,36.81900171],[127.1554827,36.81906845],[127.15565121,36.81910955],[127.15582647,36.81912342],[127.15600172,36.81910955],[127.15617024,36.81906845],[127.15632554,36.81900171],[127.15646167,36.81891189],[127.15657339,36.81880244],[127.1566564,36.81867758],[127.15670752,36.81854209],[127.15672478,36.81840119]]]}",보행자 사고다발지역
6932247,2024051,4413111800,44131003,충남 천안시 동남구3,충남 천안시 동남구 신부동(방죽안오거리 부근),7,10,0,8,2,0,127.152960475914,36.818509476208,"{""type"":""Polygon"",""coordinates"":[[[127.15385879,36.81828814],[127.15384153,36.81814724],[127.15379041,36.81801175],[127.1537074,36.81788689],[127.15359568,36.81777744],[127.15345955,36.81768762],[127.15330425,36.81762088],[127.15313573,36.81757978],[127.15296048,36.8175659],[127.15278522,36.81757978],[127.15261671,36.81762088],[127.1524614,36.81768762],[127.15232527,36.81777744],[127.15221355,36.81788689],[127.15213054,36.81801175],[127.15207942,36.81814724],[127.15206216,36.81828814],[127.15207942,36.81842904],[127.15213054,36.81856453],[127.15221355,36.81868939],[127.15232527,36.81879884],[127.1524614,36.81888866],[127.15261671,36.8189554],[127.15278522,36.8189965],[127.15296048,36.81901037],[127.15313573,36.8189965],[127.15330425,36.8189554],[127.15345955,36.81888866],[127.15359568,36.81879884],[127.1537074,36.81868939],[127.15379041,36.81856453],[127.15384153,36.81842904],[127.15385879,36.81828814]]]}",보행자 사고다발지역
6932087,2024051,4413110400,44131004,충남 천안시 동남구4,충남 천안시 동남구 사직동(사직천안종합약국 부근),7,7,0,7,0,0,127.149840239626,36.800750441248,"{""type"":""Polygon"",""coordinates"":[[[127.15073855,36.80052933],[127.15072129,36.8003884],[127.15067017,36.80025288],[127.15058716,36.80012798],[127.15047544,36.80001851],[127.15033932,36.79992867],[127.15018401,36.79986191],[127.15001549,36.7998208],[127.14984024,36.79980692],[127.14966499,36.7998208],[127.14949647,36.79986191],[127.14934116,36.79992867],[127.14920503,36.80001851],[127.14909332,36.80012798],[127.1490103,36.80025288],[127.14895919,36.8003884],[127.14894192,36.80052933],[127.14895919,36.80067026],[127.1490103,36.80080578],[127.14909332,36.80093068],[127.14920503,36.80104015],[127.14934116,36.80112999],[127.14949647,36.80119674],[127.14966499,36.80123785],[127.14984024,36.80125173],[127.15001549,36.80123785],[127.15018401,36.80119674],[127.15033932,36.80112999],[127.15047544,36.80104015],[127.15058716,36.80093068],[127.15067017,36.80080578],[127.15072129,36.80067026],[127.15073855,36.80052933]]]}",보행자 사고다발지역
6931792,2024051,4413310700,44133001,충남 천안시 서북구1,충남 천안시 서북구 쌍용동(일봉산사거리 부근),8,8,0,8,0,0,127.130309656463,36.797923830022,"{""type"":""Polygon"",""coordinates"":[[[127.13120797,36.79770276],[127.13119071,36.79756182],[127.13113959,36.79742629],[127.13105658,36.79730139],[127.13094486,36.79719192],[127.13080873,36.79710207],[127.13065343,36.79703531],[127.13048491,36.7969942],[127.13030966,36.79698032],[127.1301344,36.7969942],[127.12996589,36.79703531],[127.12981058,36.79710207],[127.12967445,36.79719192],[127.12956273,36.79730139],[127.12947972,36.79742629],[127.1294286,36.79756182],[127.12941134,36.79770276],[127.1294286,36.79784369],[127.12947972,36.79797922],[127.12956273,36.79810412],[127.12967445,36.79821359],[127.12981058,36.79830343],[127.12996589,36.79837019],[127.1301344,36.7984113],[127.13030966,36.79842518],[127.13048491,36.7984113],[127.13065343,36.79837019],[127.13080873,36.79830343],[127.13094486,36.79821359],[127.13105658,36.79810412],[127.13113959,36.79797922],[127.13119071,36.79784369],[127.13120797,36.79770276]]]}",보행자 사고다발지역
6931878,2024051,4413310400,44133002,충남 천안시 서북구2,충남 천안시 서북구 두정동(두정먹자골목 부근),7,7,0,7,0,0,127.135991466691,36.832805831477,"{""type"":""Polygon"",""coordinates"":[[[127.13688978,36.83258432],[127.13687252,36.83244344],[127.1368214,36.83230798],[127.13673839,36.83218314],[127.13662667,36.83207371],[127.13649054,36.83198391],[127.13633524,36.83191718],[127.13616672,36.83187609],[127.13599147,36.83186221],[127.13581621,36.83187609],[127.1356477,36.83191718],[127.13549239,36.83198391],[127.13535626,36.83207371],[127.13524454,36.83218314],[127.13516153,36.83230798],[127.13511041,36.83244344],[127.13509315,36.83258432],[127.13511041,36.83272519],[127.13516153,36.83286065],[127.13524454,36.83298549],[127.13535626,36.83309492],[127.13549239,36.83318472],[127.1356477,36.83325145],[127.13581621,36.83329254],[127.13599147,36.83330641],[127.13616672,36.83329254],[127.13633524,36.83325145],[127.13649054,36.83318472],[127.13662667,36.83309492],[127.13673839,36.83298549],[127.1368214,36.83286065],[127.13687252,36.83272519],[127.13688978,36.83258432]]]}",보행자 사고다발지역
6790532,2022051,4413111800,44131001,충청남도 천안시 동남구1,충청남도 천안시 동남구 신부동(방죽안오거리 부근),3,3,0,3,0,0,127.152091471046,36.818520459553,"{""type"":""Polygon"",""coordinates"":[[[127.15298979,36.81852046],[127.15297253,36.81838016],[127.15292141,36.81824526],[127.15283839,36.81812093],[127.15272668,36.81801195],[127.15259055,36.81792252],[127.15243524,36.81785606],[127.15226672,36.81781514],[127.15209147,36.81780132],[127.15191622,36.81781514],[127.1517477,36.81785606],[127.15159239,36.81792252],[127.15145627,36.81801195],[127.15134455,36.81812093],[127.15126154,36.81824526],[127.15121042,36.81838016],[127.15119316,36.81852046],[127.15121042,36.81866076],[127.15126154,36.81879566],[127.15134455,36.81891999],[127.15145627,36.81902896],[127.15159239,36.8191184],[127.1517477,36.81918485],[127.15191622,36.81922577],[127.15209147,36.81923959],[127.15226672,36.81922577],[127.15243524,36.81918485],[127.15259055,36.8191184],[127.15272668,36.81902896],[127.15283839,36.81891999],[127.15292141,36.81879566],[127.15297253,36.81866076],[127.15298979,36.81852046]]]}",음주운전 사고다발지역
6789448,2022051,4413310100,44133001,충청남도 천안시 서북구1,충청남도 천안시 서북구 와촌동(제2봉명교 부근),4,6,0,4,2,0,127.143401171928,36.806595359289,"{""type"":""Polygon"",""coordinates"":[[[127.14429949,36.80659536],[127.14428223,36.80645504],[127.14423111,36.80632011],[127.14414809,36.80619577],[127.14403638,36.80608677],[127.14390025,36.80599732],[127.14374494,36.80593086],[127.14357642,36.80588993],[127.14340117,36.80587611],[127.14322592,36.80588993],[127.1430574,36.80593086],[127.14290209,36.80599732],[127.14276597,36.80608677],[127.14265425,36.80619577],[127.14257124,36.80632011],[127.14252012,36.80645504],[127.14250286,36.80659536],[127.14252012,36.80673568],[127.14257124,36.8068706],[127.14265425,36.80699495],[127.14276597,36.80710394],[127.14290209,36.80719339],[127.1430574,36.80725985],[127.14322592,36.80730078],[127.14340117,36.8073146],[127.14357642,36.80730078],[127.14374494,36.80725985],[127.14390025,36.80719339],[127.14403638,36.80710394],[127.14414809,36.80699495],[127.14423111,36.8068706],[127.14428223,36.80673568],[127.14429949,36.80659536]]]}",음주운전 사고다발지역
6789446,2022051,4413310200,44133002,충청남도 천안시 서북구2,충청남도 천안시 서북구 성정동(주공6단지아파트303동 부근),4,6,0,4,2,0,127.136601634459,36.822079992399,"{""type"":""Polygon"",""coordinates"":[[[127.13749995,36.82207999],[127.13748269,36.8219397],[127.13743157,36.8218048],[127.13734856,36.82168048],[127.13723684,36.82157151],[127.13710071,36.82148208],[127.1369454,36.82141563],[127.13677689,36.8213747],[127.13660163,36.82136089],[127.13642638,36.8213747],[127.13625786,36.82141563],[127.13610256,36.82148208],[127.13596643,36.82157151],[127.13585471,36.82168048],[127.1357717,36.8218048],[127.13572058,36.8219397],[127.13570332,36.82207999],[127.13572058,36.82222028],[127.1357717,36.82235518],[127.13585471,36.8224795],[127.13596643,36.82258847],[127.13610256,36.8226779],[127.13625786,36.82274435],[127.13642638,36.82278527],[127.13660163,36.82279909],[127.13677689,36.82278527],[127.1369454,36.82274435],[127.13710071,36.8226779],[127.13723684,36.82258847],[127.13734856,36.8224795],[127.13743157,36.82235518],[127.13748269,36.82222028],[127.13749995,36.82207999]]]}",음주운전 사고다발지역
6789550,2022051,4413310200,44133003,충청남도 천안시 서북구3,충청남도 천안시 서북구 성정동(구상골사거리 부근),3,4,1,3,0,0,127.135720000279,36.818832020682,"{""type"":""Polygon"",""coordinates"":[[[127.13661832,36.81883202],[127.13660105,36.81869172],[127.13654994,36.81855682],[127.13646692,36.81843249],[127.13635521,36.81832352],[127.13621908,36.81823408],[127.13606377,36.81816763],[127.13589525,36.8181267],[127.13572,36.81811288],[127.13554475,36.8181267],[127.13537623,36.81816763],[127.13522092,36.81823408],[127.1350848,36.81832352],[127.13497308,36.81843249],[127.13489007,36.81855682],[127.13483895,36.81869172],[127.13482168,36.81883202],[127.13483895,36.81897232],[127.13489007,36.81910722],[127.13497308,36.81923155],[127.1350848,36.81934052],[127.13522092,36.81942996],[127.13537623,36.81949641],[127.13554475,36.81953733],[127.13572,36.81955115],[127.13589525,36.81953733],[127.13606377,36.81949641],[127.13621908,36.81942996],[127.13635521,36.81934052],[127.13646692,36.81923155],[127.13654994,36.81910722],[127.13660105,36.81897232],[127.13661832,36.81883202]]]}",음주운전 사고다발지역
6792411,2022051,4413310800,44133004,충청남도 천안시 서북구4,충청남도 천안시 서북구 불당동(쌍용3동사무소사거리 부근),3,5,0,4,1,0,127.113804799053,36.806683225751,"{""type"":""Polygon"",""coordinates"":[[[127.11470311,36.80668323],[127.11468585,36.80654291],[127.11463473,36.80640798],[127.11455172,36.80628363],[127.11444,36.80617464],[127.11430388,36.80608519],[127.11414857,36.80601873],[127.11398005,36.8059778],[127.1138048,36.80596398],[127.11362955,36.8059778],[127.11346103,36.80601873],[127.11330572,36.80608519],[127.11316959,36.80617464],[127.11305788,36.80628363],[127.11297486,36.80640798],[127.11292374,36.80654291],[127.11290648,36.80668323],[127.11292374,36.80682354],[127.11297486,36.80695847],[127.11305788,36.80708282],[127.11316959,36.80719181],[127.11330572,36.80728125],[127.11346103,36.80734772],[127.11362955,36.80738865],[127.1138048,36.80740247],[127.11398005,36.80738865],[127.11414857,36.80734772],[127.11430388,36.80728125],[127.11444,36.80719181],[127.11455172,36.80708282],[127.11463473,36.80695847],[127.11468585,36.80682354],[127.11470311,36.80668323]]]}",음주운전 사고다발지역
6789542,2022051,4413310400,44133005,충청남도 천안시 서북구5,충청남도 천안시 서북구 두정동(서부대로사거리 부근),3,5,0,3,2,0,127.132767786805,36.826575536033,"{""type"":""Polygon"",""coordinates"":[[[127.1336661,36.82657554],[127.13364884,36.82643525],[127.13359772,36.82630036],[127.13351471,36.82617605],[127.13340299,36.82606708],[127.13326686,36.82597766],[127.13311156,36.82591121],[127.13294304,36.82587029],[127.13276779,36.82585647],[127.13259253,36.82587029],[127.13242402,36.82591121],[127.13226871,36.82597766],[127.13213258,36.82606708],[127.13202086,36.82617605],[127.13193785,36.82630036],[127.13188673,36.82643525],[127.13186947,36.82657554],[127.13188673,36.82671582],[127.13193785,36.82685071],[127.13202086,36.82697502],[127.13213258,36.82708399],[127.13226871,36.82717341],[127.13242402,36.82723986],[127.13259253,36.82728078],[127.13276779,36.82729459],[127.13294304,36.82728078],[127.13311156,36.82723986],[127.13326686,36.82717341],[127.13340299,36.82708399],[127.13351471,36.82697502],[127.13359772,36.82685071],[127.13364884,36.82671582],[127.1336661,36.82657554]]]}",음주운전 사고다발지역
6789495,2022051,4413310300,44133006,충청남도 천안시 서북구6,충청남도 천안시 서북구 백석동(운동장사거리 부근),3,4,0,3,1,0,127.111704979202,36.822902764152,"{""type"":""Polygon"",""coordinates"":[[[127.11260329,36.82290276],[127.11258603,36.82276248],[127.11253491,36.82262758],[127.1124519,36.82250326],[127.11234018,36.82239429],[127.11220406,36.82230486],[127.11204875,36.8222384],[127.11188023,36.82219748],[127.11170498,36.82218367],[127.11152973,36.82219748],[127.11136121,36.8222384],[127.1112059,36.82230486],[127.11106977,36.82239429],[127.11095806,36.82250326],[127.11087504,36.82262758],[127.11082392,36.82276248],[127.11080666,36.82290276],[127.11082392,36.82304305],[127.11087504,36.82317795],[127.11095806,36.82330227],[127.11106977,36.82341124],[127.1112059,36.82350067],[127.11136121,36.82356712],[127.11152973,36.82360804],[127.11170498,36.82362185],[127.11188023,36.82360804],[127.11204875,36.82356712],[127.11220406,36.82350067],[127.11234018,36.82341124],[127.1124519,36.82330227],[127.11253491,36.82317795],[127.11258603,36.82304305],[127.11260329,36.82290276]]]}",음주운전 사고다발지역
6792385,2022051,4413310400,44133007,충청남도 천안시 서북구7,충청남도 천안시 서북구 두정동(대전지방고용노동청천 부근),3,4,0,3,1,0,127.133632187277,36.833429326004,"{""type"":""Polygon"",""coordinates"":[[[127.1345305,36.83342933],[127.13451324,36.83328906],[127.13446212,36.83315418],[127.13437911,36.83302987],[127.13426739,36.83292092],[127.13413126,36.8328315],[127.13397596,36.83276506],[127.13380744,36.83272414],[127.13363219,36.83271033],[127.13345693,36.83272414],[127.13328842,36.83276506],[127.13313311,36.8328315],[127.13299698,36.83292092],[127.13288527,36.83302987],[127.13280225,36.83315418],[127.13275113,36.83328906],[127.13273387,36.83342933],[127.13275113,36.83356959],[127.13280225,36.83370447],[127.13288527,36.83382878],[127.13299698,36.83393773],[127.13313311,36.83402715],[127.13328842,36.83409359],[127.13345693,36.8341345],[127.13363219,36.83414832],[127.13380744,36.8341345],[127.13397596,36.83409359],[127.13413126,36.83402715],[127.13426739,36.83393773],[127.13437911,36.83382878],[127.13446212,36.83370447],[127.13451324,36.83356959],[127.1345305,36.83342933]]]}",음주운전 사고다발지역
6792336,2022051,4413310700,44133008,충청남도 천안시 서북구8,충청남도 천안시 서북구 쌍용동(쌍용지하도앞 부근),3,3,0,3,0,0,127.131327625071,36.799527097199,"{""type"":""Polygon"",""coordinates"":[[[127.13222594,36.7995271],[127.13220868,36.79938677],[127.13215756,36.79925183],[127.13207455,36.79912747],[127.13196283,36.79901846],[127.1318267,36.79892901],[127.1316714,36.79886254],[127.13150288,36.7988216],[127.13132763,36.79880778],[127.13115237,36.7988216],[127.13098385,36.79886254],[127.13082855,36.79892901],[127.13069242,36.79901846],[127.1305807,36.79912747],[127.13049769,36.79925183],[127.13044657,36.79938677],[127.13042931,36.7995271],[127.13044657,36.79966743],[127.13049769,36.79980237],[127.1305807,36.79992673],[127.13069242,36.80003573],[127.13082855,36.80012518],[127.13098385,36.80019165],[127.13115237,36.80023259],[127.13132763,36.80024641],[127.13150288,36.80023259],[127.1316714,36.80019165],[127.1318267,36.80012518],[127.13196283,36.80003573],[127.13207455,36.79992673],[127.13215756,36.79980237],[127.13220868,36.79966743],[127.13222594,36.7995271]]]}",음주운전 사고다발지역
6814920,2023018,4413111800,44131001,충청남도 천안시 동남구1,충청남도 천안시 동남구 신부동(방죽안오거리 부근),3,3,0,3,0,0,127.15230384992,36.818665314612,"{""type"":""MultiPolygon"",""coordinates"":[[[[127.15410048,36.81866531],[127.15406596,36.81838472],[127.15396372,36.81811491],[127.15379769,36.81786625],[127.15357426,36.8176483],[127.153302,36.81746943],[127.15299139,36.81733652],[127.15265436,36.81725467],[127.15230385,36.81722703],[127.15195334,36.81725467],[127.15161631,36.81733652],[127.1513057,36.81746943],[127.15103344,36.8176483],[127.15081001,36.81786625],[127.15064398,36.81811491],[127.15054174,36.81838472],[127.15050722,36.81866531],[127.15054174,36.81894591],[127.15064398,36.81921571],[127.15081001,36.81946437],[127.15103344,36.81968232],[127.1513057,36.81986118],[127.15161631,36.81999409],[127.15195334,36.82007593],[127.15230385,36.82010357],[127.15265436,36.82007593],[127.15299139,36.81999409],[127.153302,36.81986118],[127.15357426,36.81968232],[127.15379769,36.81946437],[127.15396372,36.81921571],[127.15406596,36.81894591],[127.15410048,36.81866531]]]]}",음주운전 사고다발지역
6814717,2023018,4413310200,44133001,충청남도 천안시 서북구1,충청남도 천안시 서북구 성정동(자전거스페이스 부근),4,6,0,4,2,0,127.136590591455,36.822043899365,"{""type"":""MultiPolygon"",""coordinates"":[[[[127.13838722,36.8220439],[127.1383527,36.82176332],[127.13825046,36.82149352],[127.13808444,36.82124487],[127.137861,36.82102693],[127.13758875,36.82084807],[127.13727813,36.82071516],[127.1369411,36.82063332],[127.13659059,36.82060568],[127.13624009,36.82063332],[127.13590305,36.82071516],[127.13559244,36.82084807],[127.13532018,36.82102693],[127.13509675,36.82124487],[127.13493072,36.82149352],[127.13482848,36.82176332],[127.13479396,36.8220439],[127.13482848,36.82232448],[127.13493072,36.82259427],[127.13509675,36.82284292],[127.13532018,36.82306086],[127.13559244,36.82323971],[127.13590305,36.82337262],[127.13624009,36.82345446],[127.13659059,36.82348209],[127.1369411,36.82345446],[127.13727813,36.82337262],[127.13758875,36.82323971],[127.137861,36.82306086],[127.13808444,36.82284292],[127.13825046,36.82259427],[127.1383527,36.82232448],[127.13838722,36.8220439]]]]}",음주운전 사고다발지역
6814916,2023018,4413310700,44133002,충청남도 천안시 서북구2,충청남도 천안시 서북구 쌍용동(달천한의원 부근),3,11,1,6,4,0,127.128642875121,36.796057105225,"{""type"":""MultiPolygon"",""coordinates"":[[[[127.13043951,36.79605711],[127.13040498,36.79577643],[127.13030275,36.79550654],[127.13013672,36.79525781],[127.12991328,36.79503979],[127.12964103,36.79486087],[127.12933042,36.79472792],[127.12899338,36.79464604],[127.12864288,36.7946184],[127.12829237,36.79464604],[127.12795533,36.79472792],[127.12764472,36.79486087],[127.12737247,36.79503979],[127.12714903,36.79525781],[127.126983,36.79550654],[127.12688077,36.79577643],[127.12684624,36.79605711],[127.12688077,36.79633778],[127.126983,36.79660767],[127.12714903,36.7968564],[127.12737247,36.79707441],[127.12764472,36.79725332],[127.12795533,36.79738627],[127.12829237,36.79746814],[127.12864288,36.79749578],[127.12899338,36.79746814],[127.12933042,36.79738627],[127.12964103,36.79725332],[127.12991328,36.79707441],[127.13013672,36.7968564],[127.13030275,36.79660767],[127.13040498,36.79633778],[127.13043951,36.79605711]]]]}",음주운전 사고다발지역
6814832,2023018,4413310800,44133003,충청남도 천안시 서북구3,충청남도 천안시 서북구 불당동(원형육교사거리 부근),3,7,0,4,2,1,127.112248856748,36.80177418303,"{""type"":""MultiPolygon"",""coordinates"":[[[[127.11404549,36.80177418],[127.11401097,36.80149353],[127.11390873,36.80122366],[127.1137427,36.80097494],[127.11351927,36.80075694],[127.11324701,36.80057803],[127.1129364,36.80044509],[127.11259936,36.80036323],[127.11224886,36.80033558],[127.11189835,36.80036323],[127.11156132,36.80044509],[127.1112507,36.80057803],[127.11097845,36.80075694],[127.11075501,36.80097494],[127.11058899,36.80122366],[127.11048675,36.80149353],[127.11045223,36.80177418],[127.11048675,36.80205484],[127.11058899,36.8023247],[127.11075501,36.80257341],[127.11097845,36.80279141],[127.1112507,36.80297031],[127.11156132,36.80310325],[127.11189835,36.80318511],[127.11224886,36.80321275],[127.11259936,36.80318511],[127.1129364,36.80310325],[127.11324701,36.80297031],[127.11351927,36.80279141],[127.1137427,36.80257341],[127.11390873,36.8023247],[127.11401097,36.80205484],[127.11404549,36.80177418]]]]}",음주운전 사고다발지역
6814931,2023018,4413310400,44133004,충청남도 천안시 서북구4,충청남도 천안시 서북구 두정동(고용노동부천안지청 부근),3,6,0,4,2,0,127.13362114438,36.833393232785,"{""type"":""MultiPolygon"",""coordinates"":[[[[127.13541777,36.83339323],[127.13538325,36.83311269],[127.13528101,36.83284294],[127.13511499,36.83259432],[127.13489155,36.83237641],[127.1346193,36.83219758],[127.13430869,36.83206469],[127.13397165,36.83198286],[127.13362114,36.83195523],[127.13327064,36.83198286],[127.1329336,36.83206469],[127.13262299,36.83219758],[127.13235073,36.83237641],[127.1321273,36.83259432],[127.13196127,36.83284294],[127.13185904,36.83311269],[127.13182451,36.83339323],[127.13185904,36.83367377],[127.13196127,36.83394353],[127.1321273,36.83419213],[127.13235073,36.83441004],[127.13262299,36.83458887],[127.1329336,36.83472175],[127.13327064,36.83480358],[127.13362114,36.83483121],[127.13397165,36.83480358],[127.13430869,36.83472175],[127.1346193,36.83458887],[127.13489155,36.83441004],[127.13511499,36.83419213],[127.13528101,36.83394353],[127.13538325,36.83367377],[127.13541777,36.83339323]]]]}",음주운전 사고다발지역
6814997,2023018,4413310400,44133005,충청남도 천안시 서북구5,충청남도 천안시 서북구 두정동(원두정먹거리공원 부근),3,4,0,4,0,0,127.137216540714,36.831961916417,"{""type"":""MultiPolygon"",""coordinates"":[[[[127.13901317,36.83196192],[127.13897865,36.83168137],[127.13887641,36.83141161],[127.13871038,36.83116299],[127.13848695,36.83094508],[127.1382147,36.83076624],[127.13790408,36.83063335],[127.13756705,36.83055152],[127.13721654,36.83052389],[127.13686604,36.83055152],[127.136529,36.83063335],[127.13621839,36.83076624],[127.13594613,36.83094508],[127.1357227,36.83116299],[127.13555667,36.83141161],[127.13545443,36.83168137],[127.13541991,36.83196192],[127.13545443,36.83224246],[127.13555667,36.83251222],[127.1357227,36.83276083],[127.13594613,36.83297874],[127.13621839,36.83315758],[127.136529,36.83329046],[127.13686604,36.83337229],[127.13721654,36.83339992],[127.13756705,36.83337229],[127.13790408,36.83329046],[127.1382147,36.83315758],[127.13848695,36.83297874],[127.13871038,36.83276083],[127.13887641,36.83251222],[127.13897865,36.83224246],[127.13901317,36.83196192]]]]}",음주운전 사고다발지역
6814949,2023018,4413310200,44133006,충청남도 천안시 서북구6,충청남도 천안시 서북구 성정동(백석사거리 부근),3,8,0,3,4,1,127.131224945684,36.818601812909,"{""type"":""MultiPolygon"",""coordinates"":[[[[127.13302158,36.81860181],[127.13298705,36.81832122],[127.13288482,36.81805141],[127.13271879,36.81780275],[127.13249536,36.8175848],[127.1322231,36.81740593],[127.13191249,36.81727301],[127.13157545,36.81719117],[127.13122495,36.81716353],[127.13087444,36.81719117],[127.1305374,36.81727301],[127.13022679,36.81740593],[127.12995454,36.8175848],[127.1297311,36.81780275],[127.12956508,36.81805141],[127.12946284,36.81832122],[127.12942832,36.81860181],[127.12946284,36.8188824],[127.12956508,36.81915221],[127.1297311,36.81940087],[127.12995454,36.81961882],[127.13022679,36.81979768],[127.1305374,36.81993059],[127.13087444,36.82001243],[127.13122495,36.82004007],[127.13157545,36.82001243],[127.13191249,36.81993059],[127.1322231,36.81979768],[127.13249536,36.81961882],[127.13271879,36.81940087],[127.13288482,36.81915221],[127.13298705,36.8188824],[127.13302158,36.81860181]]]]}",음주운전 사고다발지역
6814805,2023018,4413310400,44133007,충청남도 천안시 서북구7,충청남도 천안시 서북구 두정동(서부대로사거리 부근),3,5,0,3,2,0,127.132756745289,36.826539442794,"{""type"":""MultiPolygon"",""coordinates"":[[[[127.13455338,36.82653944],[127.13451885,36.82625888],[127.13441662,36.8259891],[127.13425059,36.82574046],[127.13402715,36.82552253],[127.1337549,36.82534368],[127.13344429,36.82521078],[127.13310725,36.82512894],[127.13275675,36.82510131],[127.13240624,36.82512894],[127.1320692,36.82521078],[127.13175859,36.82534368],[127.13148634,36.82552253],[127.1312629,36.82574046],[127.13109688,36.8259891],[127.13099464,36.82625888],[127.13096011,36.82653944],[127.13099464,36.82682001],[127.13109688,36.82708979],[127.1312629,36.82733842],[127.13148634,36.82755634],[127.13175859,36.82773519],[127.1320692,36.82786808],[127.13240624,36.82794992],[127.13275675,36.82797755],[127.13310725,36.82794992],[127.13344429,36.82786808],[127.1337549,36.82773519],[127.13402715,36.82755634],[127.13425059,36.82733842],[127.13441662,36.82708979],[127.13451885,36.82682001],[127.13455338,36.82653944]]]]}",음주운전 사고다발지역
6814996,2023018,4413310200,44133008,충청남도 천안시 서북구8,충청남도 천안시 서북구 성정동(구상골사거리 부근),3,4,0,3,1,0,127.135486424873,36.818434659188,"{""type"":""MultiPolygon"",""coordinates"":[[[[127.13728306,36.81843466],[127.13724853,36.81815407],[127.1371463,36.81788425],[127.13698027,36.81763559],[127.13675683,36.81741764],[127.13648458,36.81723877],[127.13617397,36.81710586],[127.13583693,36.81702401],[127.13548642,36.81699637],[127.13513592,36.81702401],[127.13479888,36.81710586],[127.13448827,36.81723877],[127.13421602,36.81741764],[127.13399258,36.81763559],[127.13382655,36.81788425],[127.13372432,36.81815407],[127.13368979,36.81843466],[127.13372432,36.81871525],[127.13382655,36.81898506],[127.13399258,36.81923372],[127.13421602,36.81945166],[127.13448827,36.81963053],[127.13479888,36.81976344],[127.13513592,36.81984528],[127.13548642,36.81987292],[127.13583693,36.81984528],[127.13617397,36.81976344],[127.13648458,36.81963053],[127.13675683,36.81945166],[127.13698027,36.81923372],[127.1371463,36.81898506],[127.13724853,36.81871525],[127.13728306,36.81843466]]]]}",음주운전 사고다발지역
6931210,2024049,4413111800,44131001,충남 천안시 동남구1,충남 천안시 동남구 신부동(방죽안오거리 부근),3,3,0,3,0,0,127.151938453345,36.818885104776,"{""type"":""Polygon"",""coordinates"":[[[127.15373508,36.81866377],[127.15370056,36.81838196],[127.15359832,36.81811099],[127.1534323,36.81786126],[127.15320886,36.81764237],[127.15293661,36.81746273],[127.15262599,36.81732924],[127.15228896,36.81724704],[127.15193845,36.81721929],[127.15158795,36.81724704],[127.15125091,36.81732924],[127.1509403,36.81746273],[127.15066804,36.81764237],[127.15044461,36.81786126],[127.15027858,36.81811099],[127.15017634,36.81838196],[127.15014182,36.81866377],[127.15017634,36.81894557],[127.15027858,36.81921654],[127.15044461,36.81946626],[127.15066804,36.81968515],[127.1509403,36.81986478],[127.15125091,36.81999827],[127.15158795,36.82008046],[127.15193845,36.82010822],[127.15228896,36.82008046],[127.15262599,36.81999827],[127.15293661,36.81986478],[127.15320886,36.81968515],[127.1534323,36.81946626],[127.15359832,36.81921654],[127.15370056,36.81894557],[127.15373508,36.81866377]]]}",음주운전 사고다발지역
6931172,2024049,4413310200,44133001,충남 천안시 서북구1,충남 천안시 서북구 성정동(슬기샘어린이집 부근),4,6,0,4,2,0,127.136821367116,36.82185078948,"{""type"":""Polygon"",""coordinates"":[[[127.138618,36.82162941],[127.13858348,36.82134762],[127.13848124,36.82107666],[127.13831521,36.82082694],[127.13809178,36.82060806],[127.13781952,36.82042842],[127.13750891,36.82029494],[127.13717187,36.82021275],[127.13682137,36.82018499],[127.13647086,36.82021275],[127.13613383,36.82029494],[127.13582321,36.82042842],[127.13555096,36.82060806],[127.13532752,36.82082694],[127.1351615,36.82107666],[127.13505926,36.82134762],[127.13502474,36.82162941],[127.13505926,36.8219112],[127.1351615,36.82218216],[127.13532752,36.82243188],[127.13555096,36.82265076],[127.13582321,36.82283039],[127.13613383,36.82296386],[127.13647086,36.82304605],[127.13682137,36.82307381],[127.13717187,36.82304605],[127.13750891,36.82296386],[127.13781952,36.82283039],[127.13809178,36.82265076],[127.13831521,36.82243188],[127.13848124,36.82218216],[127.13858348,36.8219112],[127.138618,36.82162941]]]}",음주운전 사고다발지역
6931139,2024049,4413310200,44133002,충남 천안시 서북구2,충남 천안시 서북구 성정동(백석사거리 부근),3,10,0,3,6,1,127.131382183155,36.81971560992,"{""type"":""Polygon"",""coordinates"":[[[127.13317881,36.81949426],[127.13314429,36.81921246],[127.13304205,36.81894149],[127.13287603,36.81869176],[127.13265259,36.81847287],[127.13238034,36.81829324],[127.13206972,36.81815975],[127.13173269,36.81807755],[127.13138218,36.8180498],[127.13103168,36.81807755],[127.13069464,36.81815975],[127.13038403,36.81829324],[127.13011177,36.81847287],[127.12988834,36.81869176],[127.12972231,36.81894149],[127.12962007,36.81921246],[127.12958555,36.81949426],[127.12962007,36.81977606],[127.12972231,36.82004703],[127.12988834,36.82029675],[127.13011177,36.82051563],[127.13038403,36.82069527],[127.13069464,36.82082875],[127.13103168,36.82091094],[127.13138218,36.8209387],[127.13173269,36.82091094],[127.13206972,36.82082875],[127.13238034,36.82069527],[127.13265259,36.82051563],[127.13287603,36.82029675],[127.13304205,36.82004703],[127.13314429,36.81977606],[127.13317881,36.81949426]]]}",음주운전 사고다발지역
6931082,2024049,4413310700,44133003,충남 천안시 서북구3,충남 천안시 서북구 쌍용동(시온약국 부근),3,7,0,4,3,0,127.127974091642,36.795279752245,"{""type"":""Polygon"",""coordinates"":[[[127.12977072,36.79505871],[127.1297362,36.79477682],[127.12963396,36.79450576],[127.12946794,36.79425596],[127.1292445,36.794037],[127.12897225,36.7938573],[127.12866163,36.79372377],[127.1283246,36.79364155],[127.12797409,36.79361378],[127.12762359,36.79364155],[127.12728655,36.79372377],[127.12697594,36.7938573],[127.12670368,36.794037],[127.12648025,36.79425596],[127.12631422,36.79450576],[127.12621198,36.79477682],[127.12617746,36.79505871],[127.12621198,36.7953406],[127.12631422,36.79561165],[127.12648025,36.79586146],[127.12670368,36.79608041],[127.12697594,36.7962601],[127.12728655,36.79639363],[127.12762359,36.79647585],[127.12797409,36.79650361],[127.1283246,36.79647585],[127.12866163,36.79639363],[127.12897225,36.7962601],[127.1292445,36.79608041],[127.12946794,36.79586146],[127.12963396,36.79561165],[127.1297362,36.7953406],[127.12977072,36.79505871]]]}",음주운전 사고다발지역
6931048,2024049,4413310800,44133004,충남 천안시 서북구4,충남 천안시 서북구 불당동(왕십리곱창구이 부근),3,7,0,4,2,1,127.111771171007,36.802025035522,"{""type"":""Polygon"",""coordinates"":[[[127.1135678,36.80180391],[127.11353328,36.80152204],[127.11343104,36.80125101],[127.11326501,36.80100122],[127.11304158,36.80078228],[127.11276933,36.8006026],[127.11245871,36.80046909],[127.11212168,36.80038687],[127.11177117,36.80035911],[127.11142067,36.80038687],[127.11108363,36.80046909],[127.11077302,36.8006026],[127.11050076,36.80078228],[127.11027733,36.80100122],[127.1101113,36.80125101],[127.11000906,36.80152204],[127.10997454,36.80180391],[127.11000906,36.80208577],[127.1101113,36.8023568],[127.11027733,36.80260658],[127.11050076,36.80282552],[127.11077302,36.80300519],[127.11108363,36.80313871],[127.11142067,36.80322092],[127.11177117,36.80324868],[127.11212168,36.80322092],[127.11245871,36.80313871],[127.11276933,36.80300519],[127.11304158,36.80282552],[127.11326501,36.80260658],[127.11343104,36.8023568],[127.11353328,36.80208577],[127.1135678,36.80180391]]]}",음주운전 사고다발지역
6931262,2024049,4413310400,44133005,충남 천안시 서북구5,충남 천안시 서북구 두정동(TMS테마술집 부근),3,7,0,3,4,0,127.136836581494,36.831681302809,"{""type"":""Polygon"",""coordinates"":[[[127.13863321,36.8314598],[127.13859869,36.83117805],[127.13849645,36.83090712],[127.13833043,36.83065743],[127.13810699,36.83043858],[127.13783474,36.83025897],[127.13752412,36.8301255],[127.13718709,36.83004332],[127.13683658,36.83001557],[127.13648608,36.83004332],[127.13614904,36.8301255],[127.13583843,36.83025897],[127.13556617,36.83043858],[127.13534274,36.83065743],[127.13517671,36.83090712],[127.13507447,36.83117805],[127.13503995,36.8314598],[127.13507447,36.83174156],[127.13517671,36.83201248],[127.13534274,36.83226216],[127.13556617,36.83248101],[127.13583843,36.83266062],[127.13614904,36.83279408],[127.13648608,36.83287626],[127.13683658,36.83290401],[127.13718709,36.83287626],[127.13752412,36.83279408],[127.13783474,36.83266062],[127.13810699,36.83248101],[127.13833043,36.83226216],[127.13849645,36.83201248],[127.13859869,36.83174156],[127.13863321,36.8314598]]]}",음주운전 사고다발지역
6931181,2024049,4413310800,44133006,충남 천안시 서북구6,충남 천안시 서북구 불당동(천안백제약국 부근),3,5,0,3,2,0,127.107521857994,36.812057930656,"{""type"":""Polygon"",""coordinates"":[[[127.10931849,36.81183668],[127.10928397,36.81155485],[127.10918173,36.81128385],[127.1090157,36.8110341],[127.10879227,36.81081519],[127.10852001,36.81063553],[127.1082094,36.81050203],[127.10787236,36.81041983],[127.10752186,36.81039207],[127.10717135,36.81041983],[127.10683432,36.81050203],[127.1065237,36.81063553],[127.10625145,36.81081519],[127.10602801,36.8110341],[127.10586199,36.81128385],[127.10575975,36.81155485],[127.10572523,36.81183668],[127.10575975,36.8121185],[127.10586199,36.8123895],[127.10602801,36.81263925],[127.10625145,36.81285815],[127.1065237,36.8130378],[127.10683432,36.8131713],[127.10717135,36.8132535],[127.10752186,36.81328126],[127.10787236,36.8132535],[127.1082094,36.8131713],[127.10852001,36.8130378],[127.10879227,36.81285815],[127.1090157,36.81263925],[127.10918173,36.8123895],[127.10928397,36.8121185],[127.10931849,36.81183668]]]}",음주운전 사고다발지역
6931136,2024049,4413310200,44133007,충남 천안시 서북구7,충남 천안시 서북구 성정동(구상골사거리 부근),3,4,0,3,1,0,127.135727208345,36.818493992283,"{""type"":""Polygon"",""coordinates"":[[[127.13752384,36.81827266],[127.13748932,36.81799086],[127.13738708,36.81771988],[127.13722105,36.81747015],[127.13699762,36.81725126],[127.13672536,36.81707161],[127.13641475,36.81693813],[127.13607771,36.81685593],[127.13572721,36.81682817],[127.1353767,36.81685593],[127.13503967,36.81693813],[127.13472905,36.81707161],[127.1344568,36.81725126],[127.13423336,36.81747015],[127.13406734,36.81771988],[127.1339651,36.81799086],[127.13393058,36.81827266],[127.1339651,36.81855446],[127.13406734,36.81882543],[127.13423336,36.81907516],[127.1344568,36.81929405],[127.13472905,36.81947368],[127.13503967,36.81960716],[127.1353767,36.81968936],[127.13572721,36.81971712],[127.13607771,36.81968936],[127.13641475,36.81960716],[127.13672536,36.81947368],[127.13699762,36.81929405],[127.13722105,36.81907516],[127.13738708,36.81882543],[127.13748932,36.81855446],[127.13752384,36.81827266]]]}",음주운전 사고다발지역
6787637,2022048,4413110500,44131001,충청남도 천안시 동남구1,충청남도 천안시 동남구 영성동(천안고가차도 부근),5,8,0,5,3,0,127.151194498029,36.798745948767,"{""type"":""Polygon"",""coordinates"":[[[127.15209281,36.79874595],[127.15207555,36.79860562],[127.15202443,36.79847068],[127.15194142,36.79834631],[127.1518297,36.79823731],[127.15169358,36.79814785],[127.15153827,36.79808138],[127.15136975,36.79804045],[127.1511945,36.79802662],[127.15101925,36.79804045],[127.15085073,36.79808138],[127.15069542,36.79814785],[127.15055929,36.79823731],[127.15044758,36.79834631],[127.15036456,36.79847068],[127.15031344,36.79860562],[127.15029618,36.79874595],[127.15031344,36.79888628],[127.15036456,36.79902122],[127.15044758,36.79914558],[127.15055929,36.79925458],[127.15069542,36.79934404],[127.15085073,36.79941051],[127.15101925,36.79945144],[127.1511945,36.79946527],[127.15136975,36.79945144],[127.15153827,36.79941051],[127.15169358,36.79934404],[127.1518297,36.79925458],[127.15194142,36.79914558],[127.15202443,36.79902122],[127.15207555,36.79888628],[127.15209281,36.79874595]]]}",화물차 사고다발지역
6827371,2023054,4413110400,44131001,충남 천안시 동남구1,충남 천안시 동남구 사직동(에베소교회 부근),4,7,0,4,3,0,127.151729797188,36.799354205597,"{""type"":""Polygon"",""coordinates"":[[[127.15262811,36.79935421],[127.15261085,36.79921387],[127.15255973,36.79907894],[127.15247672,36.79895457],[127.152365,36.79884557],[127.15222887,36.79875611],[127.15207357,36.79868964],[127.15190505,36.79864871],[127.1517298,36.79863489],[127.15155454,36.79864871],[127.15138603,36.79868964],[127.15123072,36.79875611],[127.15109459,36.79884557],[127.15098288,36.79895457],[127.15089986,36.79907894],[127.15084874,36.79921387],[127.15083148,36.79935421],[127.15084874,36.79949454],[127.15089986,36.79962948],[127.15098288,36.79975383],[127.15109459,36.79986284],[127.15123072,36.79995229],[127.15138603,36.80001876],[127.15155454,36.8000597],[127.1517298,36.80007352],[127.15190505,36.8000597],[127.15207357,36.80001876],[127.15222887,36.79995229],[127.152365,36.79986284],[127.15247672,36.79975383],[127.15255973,36.79962948],[127.15261085,36.79949454],[127.15262811,36.79935421]]]}",화물차 사고다발지역
