사고다발지fid,사고다발지id,법규위반,법정동코드,지점코드,시도시군구명,지점명,사고건수,사상자수,사망자수,중상자수,경상자수,부상신고자수,경도,위도,다발지역폴리곤,연도,구분
6712812,2021053,중앙선침범,4413111600,44131001,충청남도 천안시 동남구1,충청남도 천안시 동남구 신방동(재활용센터 부근),3,4,0,2,2,0,127.13886988294,36.773632964291,"{""type"":""Polygon"",""coordinates"":[[[127.14156483,36.77363296],[127.14151305,36.77321183],[127.14135969,36.77280687],[127.14111065,36.77243366],[127.1407755,36.77210654],[127.14036711,36.77183807],[127.13990119,36.77163859],[127.13939564,36.77151574],[127.13886988,36.77147426],[127.13834413,36.77151574],[127.13783857,36.77163859],[127.13737265,36.77183807],[127.13696427,36.77210654],[127.13662912,36.77243366],[127.13638008,36.77280687],[127.13622672,36.77321183],[127.13617494,36.77363296],[127.13622672,36.7740541],[127.13638008,36.77445905],[127.13662912,36.77483225],[127.13696427,36.77515936],[127.13737265,36.77542781],[127.13783857,36.77562729],[127.13834413,36.77575013],[127.13886988,36.7757916],[127.13939564,36.77575013],[127.13990119,36.77562729],[127.14036711,36.77542781],[127.1407755,36.77515936],[127.14111065,36.77483225],[127.14135969,36.77445905],[127.14151305,36.7740541],[127.14156483,36.77363296]]]}",2021,법규위반별 사고다발구간
6712972,2021053,중앙선침범,4413111300,44131002,충청남도 천안시 동남구2,충청남도 천안시 동남구 봉명동(하나공구 부근),3,3,0,1,2,0,127.1416031061,36.802722656426,"{""type"":""Polygon"",""coordinates"":[[[127.14429805,36.80272266],[127.14424627,36.80230168],[127.14409291,36.80189688],[127.14384387,36.80152381],[127.14350872,36.80119681],[127.14310034,36.80092845],[127.14263442,36.80072904],[127.14212886,36.80060624],[127.14160311,36.80056478],[127.14107735,36.80060624],[127.14057179,36.80072904],[127.14010587,36.80092845],[127.13969749,36.80119681],[127.13936234,36.80152381],[127.1391133,36.80189688],[127.13895994,36.80230168],[127.13890816,36.80272266],[127.13895994,36.80314363],[127.1391133,36.80354843],[127.13936234,36.80392148],[127.13969749,36.80424847],[127.14010587,36.80451682],[127.14057179,36.80471622],[127.14107735,36.80483902],[127.14160311,36.80488048],[127.14212886,36.80483902],[127.14263442,36.80471622],[127.14310034,36.80451682],[127.14350872,36.80424847],[127.14384387,36.80392148],[127.14409291,36.80354843],[127.14424627,36.80314363],[127.14429805,36.80272266]]]}",2021,법규위반별 사고다발구간
6712635,2021053,중앙선침범,4413111800,44131003,충청남도 천안시 동남구3,충청남도 천안시 동남구 신부동(방죽안오거리 부근),3,5,0,0,5,0,127.152078383212,36.81893509468,"{""type"":""Polygon"",""coordinates"":[[[127.15477333,36.81893509],[127.15472155,36.81851421],[127.15456819,36.81810949],[127.15431915,36.8177365],[127.153984,36.81740957],[127.15357561,36.81714127],[127.15310969,36.8169419],[127.15260414,36.81681913],[127.15207838,36.81677767],[127.15155263,36.81681913],[127.15104707,36.8169419],[127.15058115,36.81714127],[127.15017277,36.81740957],[127.14983762,36.8177365],[127.14958858,36.81810949],[127.14943522,36.81851421],[127.14938344,36.81893509],[127.14943522,36.81935598],[127.14958858,36.81976069],[127.14983762,36.82013367],[127.15017277,36.82046059],[127.15058115,36.82072888],[127.15104707,36.82092824],[127.15155263,36.82105101],[127.15207838,36.82109246],[127.15260414,36.82105101],[127.15310969,36.82092824],[127.15357561,36.82072888],[127.153984,36.82046059],[127.15431915,36.82013367],[127.15456819,36.81976069],[127.15472155,36.81935598],[127.15477333,36.81893509]]]}",2021,법규위반별 사고다발구간
6712895,2021053,중앙선침범,4413310400,44133001,충청남도 천안시 서북구1,충청남도 천안시 서북구 두정동(대우1차아파트104동 부근),5,6,0,1,5,0,127.145628914044,36.834033609265,"{""type"":""Polygon"",""coordinates"":[[[127.14832386,36.83403361],[127.14827208,36.8336128],[127.14811872,36.83320817],[127.14786968,36.83283525],[127.14753453,36.83250839],[127.14712615,36.83224013],[127.14666023,36.8320408],[127.14615467,36.83191806],[127.14562891,36.83187661],[127.14510316,36.83191806],[127.1445976,36.8320408],[127.14413168,36.83224013],[127.1437233,36.83250839],[127.14338815,36.83283525],[127.14313911,36.83320817],[127.14298575,36.8336128],[127.14293397,36.83403361],[127.14298575,36.83445441],[127.14313911,36.83485904],[127.14338815,36.83523195],[127.1437233,36.8355588],[127.14413168,36.83582704],[127.1445976,36.83602636],[127.14510316,36.8361491],[127.14562891,36.83619055],[127.14615467,36.8361491],[127.14666023,36.83602636],[127.14712615,36.83582704],[127.14753453,36.8355588],[127.14786968,36.83523195],[127.14811872,36.83485904],[127.14827208,36.83445441],[127.14832386,36.83403361]]]}",2021,법규위반별 사고다발구간
6713414,2021054,신호위반,4413310800,44133001,충청남도 천안시 서북구1,충청남도 천안시 서북구 불당동(고속철도사거리 부근),8,15,0,1,14,0,127.105378293575,36.801562277378,"{""type"":""Polygon"",""coordinates"":[[[127.10627661,36.80156228],[127.10625935,36.80142195],[127.10620823,36.80128701],[127.10612522,36.80116266],[127.1060135,36.80105366],[127.10587737,36.8009642],[127.10572206,36.80089773],[127.10555355,36.8008568],[127.10537829,36.80084298],[127.10520304,36.8008568],[127.10503452,36.80089773],[127.10487922,36.8009642],[127.10474309,36.80105366],[127.10463137,36.80116266],[127.10454836,36.80128701],[127.10449724,36.80142195],[127.10447998,36.80156228],[127.10449724,36.8017026],[127.10454836,36.80183754],[127.10463137,36.80196189],[127.10474309,36.80207089],[127.10487922,36.80216035],[127.10503452,36.80222682],[127.10520304,36.80226775],[127.10537829,36.80228157],[127.10555355,36.80226775],[127.10572206,36.80222682],[127.10587737,36.80216035],[127.1060135,36.80207089],[127.10612522,36.80196189],[127.10620823,36.80183754],[127.10625935,36.8017026],[127.10627661,36.80156228]]]}",2021,법규위반별 사고다발구간
6712959,2021053,중앙선침범,4413310400,44133002,충청남도 천안시 서북구2,충청남도 천안시 서북구 두정동(천안성정중학교 부근),5,5,0,0,4,1,127.136943728471,36.830365494073,"{""type"":""Polygon"",""coordinates"":[[[127.13963867,36.83036549],[127.13958689,36.82994467],[127.13943353,36.82954001],[127.13918449,36.82916708],[127.13884934,36.8288402],[127.13844096,36.82857193],[127.13797504,36.82837259],[127.13746949,36.82824984],[127.13694373,36.82820839],[127.13641797,36.82824984],[127.13591242,36.82837259],[127.1354465,36.82857193],[127.13503811,36.8288402],[127.13470296,36.82916708],[127.13445392,36.82954001],[127.13430057,36.82994467],[127.13424878,36.83036549],[127.13430057,36.83078632],[127.13445392,36.83119097],[127.13470296,36.83156389],[127.13503811,36.83189076],[127.1354465,36.83215901],[127.13591242,36.83235834],[127.13641797,36.83248109],[127.13694373,36.83252254],[127.13746949,36.83248109],[127.13797504,36.83235834],[127.13844096,36.83215901],[127.13884934,36.83189076],[127.13918449,36.83156389],[127.13943353,36.83119097],[127.13958689,36.83078632],[127.13963867,36.83036549]]]}",2021,법규위반별 사고다발구간
6713391,2021054,신호위반,4413310700,44133002,충청남도 천안시 서북구2,충청남도 천안시 서북구 쌍용동(일봉산사거리 부근),7,9,0,2,6,1,127.130371458677,36.797892471461,"{""type"":""Polygon"",""coordinates"":[[[127.13126977,36.79789247],[127.13125251,36.79775214],[127.13120139,36.7976172],[127.13111838,36.79749283],[127.13100666,36.79738383],[127.13087054,36.79729437],[127.13071523,36.7972279],[127.13054671,36.79718696],[127.13037146,36.79717314],[127.13019621,36.79718696],[127.13002769,36.7972279],[127.12987238,36.79729437],[127.12973625,36.79738383],[127.12962454,36.79749283],[127.12954152,36.7976172],[127.1294904,36.79775214],[127.12947314,36.79789247],[127.1294904,36.79803281],[127.12954152,36.79816775],[127.12962454,36.79829211],[127.12973625,36.79840111],[127.12987238,36.79849057],[127.13002769,36.79855704],[127.13019621,36.79859798],[127.13037146,36.7986118],[127.13054671,36.79859798],[127.13071523,36.79855704],[127.13087054,36.79849057],[127.13100666,36.79840111],[127.13111838,36.79829211],[127.13120139,36.79816775],[127.13125251,36.79803281],[127.13126977,36.79789247]]]}",2021,법규위반별 사고다발구간
6712900,2021053,중앙선침범,4413310700,44133003,충청남도 천안시 서북구3,충청남도 천안시 서북구 쌍용동(IBK기업은행천안쌍용지점 부근),4,12,1,1,10,0,127.132481145889,36.806787480559,"{""type"":""Polygon"",""coordinates"":[[[127.13517609,36.80678748],[127.13512431,36.80636653],[127.13497095,36.80596175],[127.13472191,36.8055887],[127.13438676,36.80526172],[127.13397838,36.80499337],[127.13351246,36.80479397],[127.1330069,36.80467118],[127.13248115,36.80462971],[127.13195539,36.80467118],[127.13144983,36.80479397],[127.13098391,36.80499337],[127.13057553,36.80526172],[127.13024038,36.8055887],[127.12999134,36.80596175],[127.12983798,36.80636653],[127.1297862,36.80678748],[127.12983798,36.80720843],[127.12999134,36.80761321],[127.13024038,36.80798625],[127.13057553,36.80831322],[127.13098391,36.80858155],[127.13144983,36.80878094],[127.13195539,36.80890373],[127.13248115,36.80894519],[127.1330069,36.80890373],[127.13351246,36.80878094],[127.13397838,36.80858155],[127.13438676,36.80831322],[127.13472191,36.80798625],[127.13497095,36.80761321],[127.13512431,36.80720843],[127.13517609,36.80678748]]]}",2021,법규위반별 사고다발구간
6713403,2021054,신호위반,4413310400,44133003,충청남도 천안시 서북구3,충청남도 천안시 서북구 두정동(대우1차아파트107동 부근),7,9,0,2,6,1,127.145433086669,36.832725904178,"{""type"":""Polygon"",""coordinates"":[[[127.1463314,36.8327259],[127.14631414,36.83258563],[127.14626302,36.83245075],[127.14618001,36.83232645],[127.14606829,36.83221749],[127.14593216,36.83212807],[127.14577686,36.83206163],[127.14560834,36.83202071],[127.14543309,36.8320069],[127.14525783,36.83202071],[127.14508932,36.83206163],[127.14493401,36.83212807],[127.14479788,36.83221749],[127.14468616,36.83232645],[127.14460315,36.83245075],[127.14455203,36.83258563],[127.14453477,36.8327259],[127.14455203,36.83286617],[127.14460315,36.83300105],[127.14468616,36.83312536],[127.14479788,36.83323431],[127.14493401,36.83332373],[127.14508932,36.83339017],[127.14525783,36.83343109],[127.14543309,36.8334449],[127.14560834,36.83343109],[127.14577686,36.83339017],[127.14593216,36.83332373],[127.14606829,36.83323431],[127.14618001,36.83312536],[127.14626302,36.83300105],[127.14631414,36.83286617],[127.1463314,36.8327259]]]}",2021,법규위반별 사고다발구간
6712918,2021053,중앙선침범,4413310700,44133004,충청남도 천안시 서북구4,충청남도 천안시 서북구 쌍용동(쌍용동516 부근),3,7,1,3,3,0,127.129101092542,36.796337990607,"{""type"":""Polygon"",""coordinates"":[[[127.13179604,36.79633799],[127.13174426,36.79591698],[127.1315909,36.79551214],[127.13134186,36.79513904],[127.13100671,36.79481202],[127.13059832,36.79454363],[127.1301324,36.7943442],[127.12962685,36.7942214],[127.12910109,36.79417993],[127.12857533,36.7942214],[127.12806978,36.7943442],[127.12760386,36.79454363],[127.12719548,36.79481202],[127.12686033,36.79513904],[127.12661129,36.79551214],[127.12645793,36.79591698],[127.12640615,36.79633799],[127.12645793,36.796759],[127.12661129,36.79716383],[127.12686033,36.79753692],[127.12719548,36.79786393],[127.12760386,36.79813231],[127.12806978,36.79833173],[127.12857533,36.79845453],[127.12910109,36.79849599],[127.12962685,36.79845453],[127.1301324,36.79833173],[127.13059832,36.79813231],[127.13100671,36.79786393],[127.13134186,36.79753692],[127.1315909,36.79716383],[127.13174426,36.796759],[127.13179604,36.79633799]]]}",2021,법규위반별 사고다발구간
6713418,2021054,신호위반,4413310200,44133004,충청남도 천안시 서북구4,충청남도 천안시 서북구 성정동(서부대로사거리 부근),7,8,0,2,6,0,127.133014781108,36.826513195928,"{""type"":""Polygon"",""coordinates"":[[[127.1339131,36.8265132],[127.13389584,36.82637291],[127.13384472,36.82623802],[127.1337617,36.82611371],[127.13364999,36.82600474],[127.13351386,36.82591532],[127.13335855,36.82584887],[127.13319003,36.82580795],[127.13301478,36.82579413],[127.13283953,36.82580795],[127.13267101,36.82584887],[127.1325157,36.82591532],[127.13237958,36.82600474],[127.13226786,36.82611371],[127.13218485,36.82623802],[127.13213373,36.82637291],[127.13211647,36.8265132],[127.13213373,36.82665348],[127.13218485,36.82678837],[127.13226786,36.82691268],[127.13237958,36.82702165],[127.1325157,36.82711107],[127.13267101,36.82717752],[127.13283953,36.82721844],[127.13301478,36.82723225],[127.13319003,36.82721844],[127.13335855,36.82717752],[127.13351386,36.82711107],[127.13364999,36.82702165],[127.1337617,36.82691268],[127.13384472,36.82678837],[127.13389584,36.82665348],[127.1339131,36.8265132]]]}",2021,법규위반별 사고다발구간
6713025,2021053,중앙선침범,4413310800,44133005,충청남도 천안시 서북구5,충청남도 천안시 서북구 불당동(불당21로교차로 부근),3,4,0,1,3,0,127.106205741803,36.81291447982,"{""type"":""Polygon"",""coordinates"":[[[127.10890069,36.81291448],[127.10884891,36.81249356],[127.10869555,36.81208881],[127.10844651,36.81171579],[127.10811136,36.81138884],[127.10770297,36.81112051],[127.10723705,36.81092112],[127.1067315,36.81079834],[127.10620574,36.81075689],[127.10567998,36.81079834],[127.10517443,36.81092112],[127.10470851,36.81112051],[127.10430013,36.81138884],[127.10396498,36.81171579],[127.10371594,36.81208881],[127.10356258,36.81249356],[127.1035108,36.81291448],[127.10356258,36.8133354],[127.10371594,36.81374014],[127.10396498,36.81411315],[127.10430013,36.81444009],[127.10470851,36.81470841],[127.10517443,36.81490778],[127.10567998,36.81503056],[127.10620574,36.81507201],[127.1067315,36.81503056],[127.10723705,36.81490778],[127.10770297,36.81470841],[127.10811136,36.81444009],[127.10844651,36.81411315],[127.10869555,36.81374014],[127.10884891,36.8133354],[127.10890069,36.81291448]]]}",2021,법규위반별 사고다발구간
6713488,2021054,신호위반,4413310200,44133005,충청남도 천안시 서북구5,충청남도 천안시 서북구 성정동(시민문화여성회관사거리 부근),6,10,0,2,7,1,127.137559451109,36.825833008987,"{""type"":""Polygon"",""coordinates"":[[[127.13845777,36.82583301],[127.13844051,36.82569273],[127.13838939,36.82555783],[127.13830637,36.82543352],[127.13819466,36.82532455],[127.13805853,36.82523512],[127.13790322,36.82516868],[127.1377347,36.82512776],[127.13755945,36.82511394],[127.1373842,36.82512776],[127.13721568,36.82516868],[127.13706037,36.82523512],[127.13692425,36.82532455],[127.13681253,36.82543352],[127.13672952,36.82555783],[127.1366784,36.82569273],[127.13666114,36.82583301],[127.1366784,36.82597329],[127.13672952,36.82610818],[127.13681253,36.8262325],[127.13692425,36.82634146],[127.13706037,36.82643089],[127.13721568,36.82649734],[127.1373842,36.82653826],[127.13755945,36.82655207],[127.1377347,36.82653826],[127.13790322,36.82649734],[127.13805853,36.82643089],[127.13819466,36.82634146],[127.13830637,36.8262325],[127.13838939,36.82610818],[127.13844051,36.82597329],[127.13845777,36.82583301]]]}",2021,법규위반별 사고다발구간
6715938,2021056,,4413310400,44130001,충청남도 천안시1,충청남도 천안시 서북구 두정동(셜록홈즈천안두정점 인근),43,58,0,6,48,4,127.134019587335,36.832540717581,"{""type"":""Polygon"",""coordinates"":[[[127.13536706,36.83254072],[127.13534117,36.83233031],[127.13526449,36.83212799],[127.13513997,36.83194153],[127.13497239,36.8317781],[127.1347682,36.83164397],[127.13453524,36.8315443],[127.13428247,36.83148293],[127.13401959,36.8314622],[127.13375671,36.83148293],[127.13350393,36.8315443],[127.13327097,36.83164397],[127.13306678,36.8317781],[127.1328992,36.83194153],[127.13277468,36.83212799],[127.13269801,36.83233031],[127.13267211,36.83254072],[127.13269801,36.83275112],[127.13277468,36.83295344],[127.1328992,36.8331399],[127.13306678,36.83330333],[127.13327097,36.83343746],[127.13350393,36.83353712],[127.13375671,36.83359849],[127.13401959,36.83361922],[127.13428247,36.83359849],[127.13453524,36.83353712],[127.1347682,36.83343746],[127.13497239,36.83330333],[127.13513997,36.8331399],[127.13526449,36.83295344],[127.13534117,36.83275112],[127.13536706,36.83254072]]]}",2021,지자체별 사고다발구간
6715939,2021056,,4413310700,44130002,충청남도 천안시2,충청남도 천안시 서북구 쌍용동(일봉산사거리 인근),39,51,0,3,42,6,127.130518295484,36.79796341628,"{""type"":""Polygon"",""coordinates"":[[[127.13186577,36.79796342],[127.13183988,36.79775291],[127.1317632,36.7975505],[127.13163868,36.79736396],[127.1314711,36.79720045],[127.13126691,36.79706626],[127.13103395,36.79696655],[127.13078117,36.79690515],[127.1305183,36.79688442],[127.13025542,36.79690515],[127.13000264,36.79696655],[127.12976968,36.79706626],[127.12956549,36.79720045],[127.12939791,36.79736396],[127.12927339,36.7975505],[127.12919671,36.79775291],[127.12917082,36.79796342],[127.12919671,36.79817392],[127.12927339,36.79837633],[127.12939791,36.79856287],[127.12956549,36.79872638],[127.12976968,36.79886056],[127.13000264,36.79896027],[127.13025542,36.79902167],[127.1305183,36.7990424],[127.13078117,36.79902167],[127.13103395,36.79896027],[127.13126691,36.79886056],[127.1314711,36.79872638],[127.13163868,36.79856287],[127.1317632,36.79837633],[127.13183988,36.79817392],[127.13186577,36.79796342]]]}",2021,지자체별 사고다발구간
6715940,2021056,,4413111800,44130003,충청남도 천안시3,충청남도 천안시 동남구 신부동(천안고속버스터미널 인근),37,56,0,9,44,3,127.153790094338,36.818772881264,"{""type"":""Polygon"",""coordinates"":[[[127.15513757,36.81877288],[127.15511168,36.81856244],[127.155035,36.81836008],[127.15491048,36.81817359],[127.1547429,36.81801012],[127.15453871,36.81787597],[127.15430575,36.81777629],[127.15405297,36.8177149],[127.15379009,36.81769417],[127.15352722,36.8177149],[127.15327444,36.81777629],[127.15304148,36.81787597],[127.15283729,36.81801012],[127.15266971,36.81817359],[127.15254519,36.81836008],[127.15246851,36.81856244],[127.15244262,36.81877288],[127.15246851,36.81898332],[127.15254519,36.81918568],[127.15266971,36.81937217],[127.15283729,36.81953563],[127.15304148,36.81966978],[127.15327444,36.81976946],[127.15352722,36.81983085],[127.15379009,36.81985157],[127.15405297,36.81983085],[127.15430575,36.81976946],[127.15453871,36.81966978],[127.1547429,36.81953563],[127.15491048,36.81937217],[127.155035,36.81918568],[127.15511168,36.81898332],[127.15513757,36.81877288]]]}",2021,지자체별 사고다발구간
6781419,2022043,중앙선침범,4413125000,44131001,충청남도 천안시 동남구1,충청남도 천안시 동남구 목천읍(신계리1392 부근),4,6,0,1,5,0,127.208775059722,36.77272482709,"{""type"":""Polygon"",""coordinates"":[[[127.21147001,36.77272483],[127.21141822,36.77230369],[127.21126487,36.77189873],[127.21101583,36.77152551],[127.21068067,36.77119838],[127.21027229,36.77092992],[127.20980637,36.77073043],[127.20930082,36.77060758],[127.20877506,36.7705661],[127.2082493,36.77060758],[127.20774375,36.77073043],[127.20727783,36.77092992],[127.20686945,36.77119838],[127.20653429,36.77152551],[127.20628525,36.77189873],[127.2061319,36.77230369],[127.20608011,36.77272483],[127.2061319,36.77314597],[127.20628525,36.77355092],[127.20653429,36.77392412],[127.20686945,36.77425124],[127.20727783,36.7745197],[127.20774375,36.77471918],[127.2082493,36.77484202],[127.20877506,36.77488349],[127.20930082,36.77484202],[127.20980637,36.77471918],[127.21027229,36.7745197],[127.21068067,36.77425124],[127.21101583,36.77392412],[127.21126487,36.77355092],[127.21141822,36.77314597],[127.21147001,36.77272483]]]}",2022,법규위반별 사고다발구간
6781439,2022043,중앙선침범,4413111400,44131002,충청남도 천안시 동남구2,충청남도 천안시 동남구 다가동(한올수예 부근),4,6,0,0,6,0,127.139475132972,36.802310564582,"{""type"":""Polygon"",""coordinates"":[[[127.14217008,36.80231056],[127.1421183,36.80188959],[127.14196494,36.80148478],[127.1417159,36.80111171],[127.14138075,36.80078471],[127.14097236,36.80051635],[127.14050644,36.80031693],[127.14000089,36.80019414],[127.13947513,36.80015267],[127.13894938,36.80019414],[127.13844382,36.80031693],[127.1379779,36.80051635],[127.13756952,36.80078471],[127.13723437,36.80111171],[127.13698533,36.80148478],[127.13683197,36.80188959],[127.13678019,36.80231056],[127.13683197,36.80273154],[127.13698533,36.80313634],[127.13723437,36.8035094],[127.13756952,36.80383639],[127.1379779,36.80410474],[127.13844382,36.80430414],[127.13894938,36.80442694],[127.13947513,36.8044684],[127.14000089,36.80442694],[127.14050644,36.80430414],[127.14097236,36.80410474],[127.14138075,36.80383639],[127.1417159,36.8035094],[127.14196494,36.80313634],[127.1421183,36.80273154],[127.14217008,36.80231056]]]}",2022,법규위반별 사고다발구간
6781108,2022043,중앙선침범,4413111600,44131003,충청남도 천안시 동남구3,충청남도 천안시 동남구 신방동(하신삼거리 부근),3,11,0,5,6,0,127.125877228053,36.786222423427,"{""type"":""Polygon"",""coordinates"":[[[127.12857217,36.78622242],[127.12852039,36.78580136],[127.12836703,36.78539647],[127.12811799,36.78502332],[127.12778284,36.78469625],[127.12737446,36.78442783],[127.12690854,36.78422837],[127.12640299,36.78410555],[127.12587723,36.78406408],[127.12535147,36.78410555],[127.12484592,36.78422837],[127.12438,36.78442783],[127.12397161,36.78469625],[127.12363646,36.78502332],[127.12338742,36.78539647],[127.12323406,36.78580136],[127.12318228,36.78622242],[127.12323406,36.78664349],[127.12338742,36.78704837],[127.12363646,36.78742151],[127.12397161,36.78774857],[127.12438,36.78801698],[127.12484592,36.78821642],[127.12535147,36.78833924],[127.12587723,36.78838071],[127.12640299,36.78833924],[127.12690854,36.78821642],[127.12737446,36.78801698],[127.12778284,36.78774857],[127.12811799,36.78742151],[127.12836703,36.78704837],[127.12852039,36.78664349],[127.12857217,36.78622242]]]}",2022,법규위반별 사고다발구간
6781166,2022043,중앙선침범,4413111000,44131004,충청남도 천안시 동남구4,충청남도 천안시 동남구 삼룡동(삼룡사거리 부근),3,17,0,1,16,0,127.164939097662,36.788033630149,"{""type"":""Polygon"",""coordinates"":[[[127.16763404,36.78803363],[127.16758226,36.78761257],[127.1674289,36.78720769],[127.16717986,36.78683455],[127.16684471,36.78650749],[127.16643633,36.78623908],[127.16597041,36.78603963],[127.16546486,36.78591681],[127.1649391,36.78587533],[127.16441334,36.78591681],[127.16390779,36.78603963],[127.16344187,36.78623908],[127.16303348,36.78650749],[127.16269833,36.78683455],[127.16244929,36.78720769],[127.16229593,36.78761257],[127.16224415,36.78803363],[127.16229593,36.78845469],[127.16244929,36.78885956],[127.16269833,36.78923269],[127.16303348,36.78955974],[127.16344187,36.78982814],[127.16390779,36.79002758],[127.16441334,36.7901504],[127.1649391,36.79019186],[127.16546486,36.7901504],[127.16597041,36.79002758],[127.16643633,36.78982814],[127.16684471,36.78955974],[127.16717986,36.78923269],[127.1674289,36.78885956],[127.16758226,36.78845469],[127.16763404,36.78803363]]]}",2022,법규위반별 사고다발구간
6781296,2022043,중앙선침범,4413111300,44131005,충청남도 천안시 동남구5,충청남도 천안시 동남구 봉명동(하나학원 부근),3,3,0,1,2,0,127.134999941895,36.814628981543,"{""type"":""Polygon"",""coordinates"":[[[127.13769489,36.81462898],[127.13764311,36.81420807],[127.13748975,36.81380333],[127.13724071,36.81343032],[127.13690556,36.81310337],[127.13649717,36.81283505],[127.13603125,36.81263567],[127.1355257,36.81251289],[127.13499994,36.81247144],[127.13447418,36.81251289],[127.13396863,36.81263567],[127.13350271,36.81283505],[127.13309433,36.81310337],[127.13275918,36.81343032],[127.13251014,36.81380333],[127.13235678,36.81420807],[127.132305,36.81462898],[127.13235678,36.81504989],[127.13251014,36.81545462],[127.13275918,36.81582762],[127.13309433,36.81615456],[127.13350271,36.81642287],[127.13396863,36.81662224],[127.13447418,36.81674501],[127.13499994,36.81678647],[127.1355257,36.81674501],[127.13603125,36.81662224],[127.13649717,36.81642287],[127.13690556,36.81615456],[127.13724071,36.81582762],[127.13748975,36.81545462],[127.13764311,36.81504989],[127.13769489,36.81462898]]]}",2022,법규위반별 사고다발구간
6781180,2022043,중앙선침범,4413110600,44131006,충청남도 천안시 동남구6,충청남도 천안시 동남구 오룡동(오룡동89 부근),3,3,0,0,3,0,127.150104466649,36.804271452666,"{""type"":""Polygon"",""coordinates"":[[[127.15279941,36.80427145],[127.15274763,36.80385048],[127.15259427,36.80344569],[127.15234523,36.80307263],[127.15201008,36.80274564],[127.1516017,36.80247728],[127.15113578,36.80227787],[127.15063022,36.80215508],[127.15010447,36.80211361],[127.14957871,36.80215508],[127.14907316,36.80227787],[127.14860723,36.80247728],[127.14819885,36.80274564],[127.1478637,36.80307263],[127.14761466,36.80344569],[127.1474613,36.80385048],[127.14740952,36.80427145],[127.1474613,36.80469242],[127.14761466,36.80509721],[127.1478637,36.80547026],[127.14819885,36.80579724],[127.14860723,36.80606558],[127.14907316,36.80626498],[127.14957871,36.80638777],[127.15010447,36.80642923],[127.15063022,36.80638777],[127.15113578,36.80626498],[127.1516017,36.80606558],[127.15201008,36.80579724],[127.15234523,36.80547026],[127.15259427,36.80509721],[127.15274763,36.80469242],[127.15279941,36.80427145]]]}",2022,법규위반별 사고다발구간
6781336,2022043,중앙선침범,4413310700,44133001,충청남도 천안시 서북구1,충청남도 천안시 서북구 쌍용동(쌍용동516 부근),6,7,0,3,3,1,127.129657893398,36.797096959058,"{""type"":""Polygon"",""coordinates"":[[[127.13235284,36.79709696],[127.13230106,36.79667595],[127.1321477,36.79627112],[127.13189866,36.79589802],[127.13156351,36.795571],[127.13115513,36.79530262],[127.1306892,36.79510319],[127.13018365,36.79498039],[127.12965789,36.79493892],[127.12913214,36.79498039],[127.12862658,36.79510319],[127.12816066,36.79530262],[127.12775228,36.795571],[127.12741713,36.79589802],[127.12716809,36.79627112],[127.12701473,36.79667595],[127.12696295,36.79709696],[127.12701473,36.79751796],[127.12716809,36.79792279],[127.12741713,36.79829588],[127.12775228,36.79862289],[127.12816066,36.79889126],[127.12862658,36.79909067],[127.12913214,36.79921347],[127.12965789,36.79925494],[127.13018365,36.79921347],[127.1306892,36.79909067],[127.13115513,36.79889126],[127.13156351,36.79862289],[127.13189866,36.79829588],[127.1321477,36.79792279],[127.13230106,36.79751796],[127.13235284,36.79709696]]]}",2022,법규위반별 사고다발구간
6785179,2022044,신호위반,4413310400,44133001,충청남도 천안시 서북구1,충청남도 천안시 서북구 두정동(서부대로사거리 부근),8,12,0,2,10,0,127.132958499736,36.826558095481,"{""type"":""Polygon"",""coordinates"":[[[127.13385682,36.8265581],[127.13383955,36.82641781],[127.13378843,36.82628292],[127.13370542,36.82615861],[127.1335937,36.82604964],[127.13345758,36.82596022],[127.13330227,36.82589377],[127.13313375,36.82585285],[127.1329585,36.82583903],[127.13278325,36.82585285],[127.13261473,36.82589377],[127.13245942,36.82596022],[127.13232329,36.82604964],[127.13221158,36.82615861],[127.13212856,36.82628292],[127.13207745,36.82641781],[127.13206018,36.8265581],[127.13207745,36.82669838],[127.13212856,36.82683327],[127.13221158,36.82695758],[127.13232329,36.82706655],[127.13245942,36.82715597],[127.13261473,36.82722242],[127.13278325,36.82726334],[127.1329585,36.82727715],[127.13313375,36.82726334],[127.13330227,36.82722242],[127.13345758,36.82715597],[127.1335937,36.82706655],[127.13370542,36.82695758],[127.13378843,36.82683327],[127.13383955,36.82669838],[127.13385682,36.8265581]]]}",2022,법규위반별 사고다발구간
6781293,2022043,중앙선침범,4413310200,44133002,충청남도 천안시 서북구2,충청남도 천안시 서북구 성정동(시민문화여성회관사거 부근),4,10,0,1,9,0,127.136975939489,36.825921374573,"{""type"":""Polygon"",""coordinates"":[[[127.13967089,36.82592137],[127.1396191,36.82550053],[127.13946574,36.82509585],[127.13921671,36.82472289],[127.13888155,36.82439599],[127.13847317,36.82412771],[127.13800725,36.82392836],[127.1375017,36.8238056],[127.13697594,36.82376415],[127.13645018,36.8238056],[127.13594463,36.82392836],[127.13547871,36.82412771],[127.13507033,36.82439599],[127.13473517,36.82472289],[127.13448613,36.82509585],[127.13433278,36.82550053],[127.13428099,36.82592137],[127.13433278,36.82634222],[127.13448613,36.82674689],[127.13473517,36.82711984],[127.13507033,36.82744673],[127.13547871,36.827715],[127.13594463,36.82791434],[127.13645018,36.82803709],[127.13697594,36.82807854],[127.1375017,36.82803709],[127.13800725,36.82791434],[127.13847317,36.827715],[127.13888155,36.82744673],[127.13921671,36.82711984],[127.13946574,36.82674689],[127.1396191,36.82634222],[127.13967089,36.82592137]]]}",2022,법규위반별 사고다발구간
6785066,2022044,신호위반,4413310400,44133002,충청남도 천안시 서북구2,충청남도 천안시 서북구 두정동(대우1차아파트107동 부근),6,13,0,4,8,1,127.14544355118,36.832888198532,"{""type"":""Polygon"",""coordinates"":[[[127.14634187,36.8328882],[127.14632461,36.83274793],[127.14627349,36.83261305],[127.14619047,36.83248874],[127.14607876,36.83237979],[127.14594263,36.83229037],[127.14578732,36.83222393],[127.1456188,36.83218301],[127.14544355,36.83216919],[127.1452683,36.83218301],[127.14509978,36.83222393],[127.14494447,36.83229037],[127.14480835,36.83237979],[127.14469663,36.83248874],[127.14461362,36.83261305],[127.1445625,36.83274793],[127.14454524,36.8328882],[127.1445625,36.83302847],[127.14461362,36.83316335],[127.14469663,36.83328765],[127.14480835,36.83339661],[127.14494447,36.83348602],[127.14509978,36.83355247],[127.1452683,36.83359338],[127.14544355,36.8336072],[127.1456188,36.83359338],[127.14578732,36.83355247],[127.14594263,36.83348602],[127.14607876,36.83339661],[127.14619047,36.83328765],[127.14627349,36.83316335],[127.14632461,36.83302847],[127.14634187,36.8328882]]]}",2022,법규위반별 사고다발구간
6781434,2022043,중앙선침범,4413310400,44133003,충청남도 천안시 서북구3,충청남도 천안시 서북구 두정동(천안동산기계주 부근),3,3,0,1,2,0,127.145368797733,36.832076657513,"{""type"":""Polygon"",""coordinates"":[[[127.14806374,36.83207666],[127.14801196,36.83165584],[127.1478586,36.8312512],[127.14760956,36.83087827],[127.14727441,36.8305514],[127.14686603,36.83028314],[127.14640011,36.8300838],[127.14589456,36.82996105],[127.1453688,36.8299196],[127.14484304,36.82996105],[127.14433749,36.8300838],[127.14387157,36.83028314],[127.14346318,36.8305514],[127.14312803,36.83087827],[127.14287899,36.8312512],[127.14272563,36.83165584],[127.14267385,36.83207666],[127.14272563,36.83249747],[127.14287899,36.83290211],[127.14312803,36.83327503],[127.14346318,36.83360189],[127.14387157,36.83387014],[127.14433749,36.83406946],[127.14484304,36.83419221],[127.1453688,36.83423365],[127.14589456,36.83419221],[127.14640011,36.83406946],[127.14686603,36.83387014],[127.14727441,36.83360189],[127.14760956,36.83327503],[127.1478586,36.83290211],[127.14801196,36.83249747],[127.14806374,36.83207666]]]}",2022,법규위반별 사고다발구간
6785217,2022044,신호위반,4413310200,44133003,충청남도 천안시 서북구3,충청남도 천안시 서북구 성정동(구상골사거리 부근),6,13,0,2,11,0,127.135586950079,36.818516099639,"{""type"":""Polygon"",""coordinates"":[[[127.13648527,36.8185161],[127.136468,36.8183758],[127.13641689,36.8182409],[127.13633387,36.81811657],[127.13622215,36.81800759],[127.13608603,36.81791816],[127.13593072,36.8178517],[127.1357622,36.81781078],[127.13558695,36.81779696],[127.1354117,36.81781078],[127.13524318,36.8178517],[127.13508787,36.81791816],[127.13495175,36.81800759],[127.13484003,36.81811657],[127.13475701,36.8182409],[127.1347059,36.8183758],[127.13468863,36.8185161],[127.1347059,36.8186564],[127.13475701,36.8187913],[127.13484003,36.81891563],[127.13495175,36.8190246],[127.13508787,36.81911404],[127.13524318,36.81918049],[127.1354117,36.81922141],[127.13558695,36.81923523],[127.1357622,36.81922141],[127.13593072,36.81918049],[127.13608603,36.81911404],[127.13622215,36.8190246],[127.13633387,36.81891563],[127.13641689,36.8187913],[127.136468,36.8186564],[127.13648527,36.8185161]]]}",2022,법규위반별 사고다발구간
6781214,2022043,중앙선침범,4413310400,44133004,충청남도 천안시 서북구4,충청남도 천안시 서북구 두정동(카페마노 부근),3,5,0,0,5,0,127.131984643677,36.830882111421,"{""type"":""Polygon"",""coordinates"":[[[127.13467959,36.83088211],[127.13462781,36.83046129],[127.13447445,36.83005664],[127.13422541,36.82968371],[127.13389026,36.82935683],[127.13348188,36.82908856],[127.13301595,36.82888922],[127.1325104,36.82876647],[127.13198464,36.82872502],[127.13145889,36.82876647],[127.13095333,36.82888922],[127.13048741,36.82908856],[127.13007903,36.82935683],[127.12974388,36.82968371],[127.12949484,36.83005664],[127.12934148,36.83046129],[127.1292897,36.83088211],[127.12934148,36.83130293],[127.12949484,36.83170758],[127.12974388,36.8320805],[127.13007903,36.83240737],[127.13048741,36.83267562],[127.13095333,36.83287495],[127.13145889,36.83299769],[127.13198464,36.83303914],[127.1325104,36.83299769],[127.13301595,36.83287495],[127.13348188,36.83267562],[127.13389026,36.83240737],[127.13422541,36.8320805],[127.13447445,36.83170758],[127.13462781,36.83130293],[127.13467959,36.83088211]]]}",2022,법규위반별 사고다발구간
6784989,2022044,신호위반,4413310700,44133004,충청남도 천안시 서북구4,충청남도 천안시 서북구 쌍용동(일봉산사거리 부근),6,12,0,1,11,0,127.130450139463,36.797847642955,"{""type"":""Polygon"",""coordinates"":[[[127.13134845,36.79784764],[127.13133119,36.79770731],[127.13128007,36.79757237],[127.13119706,36.797448],[127.13108534,36.797339],[127.13094922,36.79724954],[127.13079391,36.79718307],[127.13062539,36.79714213],[127.13045014,36.79712831],[127.13027489,36.79714213],[127.13010637,36.79718307],[127.12995106,36.79724954],[127.12981493,36.797339],[127.12970322,36.797448],[127.1296202,36.79757237],[127.12956909,36.79770731],[127.12955182,36.79784764],[127.12956909,36.79798798],[127.1296202,36.79812292],[127.12970322,36.79824728],[127.12981493,36.79835628],[127.12995106,36.79844574],[127.13010637,36.79851221],[127.13027489,36.79855315],[127.13045014,36.79856697],[127.13062539,36.79855315],[127.13079391,36.79851221],[127.13094922,36.79844574],[127.13108534,36.79835628],[127.13119706,36.79824728],[127.13128007,36.79812292],[127.13133119,36.79798798],[127.13134845,36.79784764]]]}",2022,법규위반별 사고다발구간
6781482,2022043,중앙선침범,4413310200,44133005,충청남도 천안시 서북구5,충청남도 천안시 서북구 성정동(기숙사가동 부근),3,3,0,0,3,0,127.144731547124,36.826801191223,"{""type"":""Polygon"",""coordinates"":[[[127.14742649,36.82680119],[127.14737471,36.82638035],[127.14722135,36.82597567],[127.14697231,36.82560272],[127.14663716,36.82527582],[127.14622878,36.82500755],[127.14576286,36.8248082],[127.1452573,36.82468544],[127.14473155,36.82464399],[127.14420579,36.82468544],[127.14370024,36.8248082],[127.14323432,36.82500755],[127.14282593,36.82527582],[127.14249078,36.82560272],[127.14224174,36.82597567],[127.14208838,36.82638035],[127.1420366,36.82680119],[127.14208838,36.82722203],[127.14224174,36.8276267],[127.14249078,36.82799964],[127.14282593,36.82832653],[127.14323432,36.82859479],[127.14370024,36.82879413],[127.14420579,36.82891688],[127.14473155,36.82895833],[127.1452573,36.82891688],[127.14576286,36.82879413],[127.14622878,36.82859479],[127.14663716,36.82832653],[127.14697231,36.82799964],[127.14722135,36.8276267],[127.14737471,36.82722203],[127.14742649,36.82680119]]]}",2022,법규위반별 사고다발구간
6785288,2022044,신호위반,4413310800,44133005,충청남도 천안시 서북구5,충청남도 천안시 서북구 불당동(헬로우슬라임불당점 부근),6,8,0,1,7,0,127.107242340862,36.80751812846,"{""type"":""Polygon"",""coordinates"":[[[127.10814066,36.80751813],[127.1081234,36.80737781],[127.10807228,36.80724289],[127.10798926,36.80711854],[127.10787755,36.80700955],[127.10774142,36.8069201],[127.10758611,36.80685364],[127.10741759,36.80681271],[127.10724234,36.80679889],[127.10706709,36.80681271],[127.10689857,36.80685364],[127.10674326,36.8069201],[127.10660714,36.80700955],[127.10649542,36.80711854],[127.10641241,36.80724289],[127.10636129,36.80737781],[127.10634403,36.80751813],[127.10636129,36.80765844],[127.10641241,36.80779337],[127.10649542,36.80791771],[127.10660714,36.80802671],[127.10674326,36.80811615],[127.10689857,36.80818262],[127.10706709,36.80822354],[127.10724234,36.80823736],[127.10741759,36.80822354],[127.10758611,36.80818262],[127.10774142,36.80811615],[127.10787755,36.80802671],[127.10798926,36.80791771],[127.10807228,36.80779337],[127.1081234,36.80765844],[127.10814066,36.80751813]]]}",2022,법규위반별 사고다발구간
6777264,2022038,,4413310400,44133001,충청남도 천안시 서북구1,충청남도 천안시 서북구 두정동(오성초교 부근),2,2,0,0,2,0,127.131031414469,36.830888171953,"{""type"":""Polygon"",""coordinates"":[[[127.13372636,36.83088817],[127.13367458,36.83046735],[127.13352122,36.8300627],[127.13327218,36.82968977],[127.13293703,36.82936289],[127.13252865,36.82909462],[127.13206273,36.82889529],[127.13155717,36.82877253],[127.13103141,36.82873108],[127.13050566,36.82877253],[127.1300001,36.82889529],[127.12953418,36.82909462],[127.1291258,36.82936289],[127.12879065,36.82968977],[127.12854161,36.8300627],[127.12838825,36.83046735],[127.12833647,36.83088817],[127.12838825,36.83130899],[127.12854161,36.83171364],[127.12879065,36.83208656],[127.1291258,36.83241343],[127.12953418,36.83268168],[127.1300001,36.83288101],[127.13050566,36.83300375],[127.13103141,36.8330452],[127.13155717,36.83300375],[127.13206273,36.83288101],[127.13252865,36.83268168],[127.13293703,36.83241343],[127.13327218,36.83208656],[127.13352122,36.83171364],[127.13367458,36.83130899],[127.13372636,36.83088817]]]}",2022,스쿨존내어린이 사고다발지역
6788515,2022046,,4413310400,44130001,충청남도 천안시1,충청남도 천안시 서북구 두정동(커피농 인근),45,50,0,7,38,5,127.135650815434,36.832506688134,"{""type"":""Polygon"",""coordinates"":[[[127.13699829,36.83250669],[127.1369724,36.83229628],[127.13689572,36.83209396],[127.1367712,36.8319075],[127.13660362,36.83174407],[127.13639943,36.83160994],[127.13616647,36.83151027],[127.13591369,36.8314489],[127.13565082,36.83142817],[127.13538794,36.8314489],[127.13513516,36.83151027],[127.1349022,36.83160994],[127.13469801,36.83174407],[127.13453043,36.8319075],[127.13440591,36.83209396],[127.13432923,36.83229628],[127.13430334,36.83250669],[127.13432923,36.83271709],[127.13440591,36.83291941],[127.13453043,36.83310587],[127.13469801,36.8332693],[127.1349022,36.83340343],[127.13513516,36.83350309],[127.13538794,36.83356446],[127.13565082,36.83358519],[127.13591369,36.83356446],[127.13616647,36.83350309],[127.13639943,36.83340343],[127.13660362,36.8332693],[127.1367712,36.83310587],[127.13689572,36.83291941],[127.1369724,36.83271709],[127.13699829,36.83250669]]]}",2022,지자체별 사고다발구간
6788516,2022046,,4413310200,44130002,충청남도 천안시2,충청남도 천안시 서북구 성정동(충남부동산컨설팅 인근),35,56,0,8,45,3,127.137414411147,36.826656531675,"{""type"":""Polygon"",""coordinates"":[[[127.13876188,36.82665653],[127.13873599,36.82644611],[127.13865931,36.82624377],[127.13853479,36.8260573],[127.13836722,36.82589385],[127.13816303,36.82575971],[127.13793007,36.82566004],[127.13767729,36.82559866],[127.13741441,36.82557794],[127.13715153,36.82559866],[127.13689876,36.82566004],[127.1366658,36.82575971],[127.1364616,36.82589385],[127.13629403,36.8260573],[127.13616951,36.82624377],[127.13609283,36.82644611],[127.13606694,36.82665653],[127.13609283,36.82686695],[127.13616951,36.82706929],[127.13629403,36.82725576],[127.1364616,36.8274192],[127.1366658,36.82755334],[127.13689876,36.82765301],[127.13715153,36.82771439],[127.13741441,36.82773511],[127.13767729,36.82771439],[127.13793007,36.82765301],[127.13816303,36.82755334],[127.13836722,36.8274192],[127.13853479,36.82725576],[127.13865931,36.82706929],[127.13873599,36.82686695],[127.13876188,36.82665653]]]}",2022,지자체별 사고다발구간
6788517,2022046,,4413310700,44130003,충청남도 천안시3,충청남도 천안시 서북구 쌍용동(쌍용동516 인근),34,43,0,5,38,0,127.129897385557,36.797118537392,"{""type"":""Polygon"",""coordinates"":[[[127.13124486,36.79711854],[127.13121897,36.79690803],[127.13114229,36.79670562],[127.13101777,36.79651907],[127.13085019,36.79635556],[127.130646,36.79622137],[127.13041304,36.79612166],[127.13016026,36.79606026],[127.12989739,36.79603953],[127.12963451,36.79606026],[127.12938173,36.79612166],[127.12914877,36.79622137],[127.12894458,36.79635556],[127.128777,36.79651907],[127.12865248,36.79670562],[127.1285758,36.79690803],[127.12854991,36.79711854],[127.1285758,36.79732904],[127.12865248,36.79753145],[127.128777,36.797718],[127.12894458,36.7978815],[127.12914877,36.79801569],[127.12938173,36.7981154],[127.12963451,36.7981768],[127.12989739,36.79819753],[127.13016026,36.7981768],[127.13041304,36.7981154],[127.130646,36.79801569],[127.13085019,36.7978815],[127.13101777,36.797718],[127.13114229,36.79753145],[127.13121897,36.79732904],[127.13124486,36.79711854]]]}",2022,지자체별 사고다발구간
6835451,2023021,중앙선침범,4413111600,44131001,충남 천안시 동남구1,충남 천안시 동남구 신방동(방산삼거리 부근),4,4,0,1,3,0,127.128078482333,36.777160530479,"{""type"":""Polygon"",""coordinates"":[[[127.13077343,36.77716053],[127.13072165,36.77673941],[127.13056829,36.77633448],[127.13031925,36.77596128],[127.1299841,36.77563418],[127.12957571,36.77536572],[127.12910979,36.77516624],[127.12860424,36.77504341],[127.12807848,36.77500193],[127.12755272,36.77504341],[127.12704717,36.77516624],[127.12658125,36.77536572],[127.12617287,36.77563418],[127.12583772,36.77596128],[127.12558868,36.77633448],[127.12543532,36.77673941],[127.12538354,36.77716053],[127.12543532,36.77758165],[127.12558868,36.77798658],[127.12583772,36.77835976],[127.12617287,36.77868686],[127.12658125,36.7789553],[127.12704717,36.77915476],[127.12755272,36.7792776],[127.12807848,36.77931907],[127.12860424,36.7792776],[127.12910979,36.77915476],[127.12957571,36.7789553],[127.1299841,36.77868686],[127.13031925,36.77835976],[127.13056829,36.77798658],[127.13072165,36.77758165],[127.13077343,36.77716053]]]}",2023,법규위반별 사고다발구간
6835501,2023021,중앙선침범,4413133022,44131002,충남 천안시 동남구2,충남 천안시 동남구 북면 상동리(방글방글어린이집 부근),3,6,0,4,2,0,127.268104705824,36.77047536968,"{""type"":""Polygon"",""coordinates"":[[[127.27079965,36.77047537],[127.27074787,36.77005422],[127.27059451,36.76964924],[127.27034547,36.76927602],[127.27001032,36.76894888],[127.26960194,36.76868041],[127.26913602,36.76848091],[127.26863046,36.76835806],[127.26810471,36.76831658],[127.26757895,36.76835806],[127.26707339,36.76848091],[127.26660747,36.76868041],[127.26619909,36.76894888],[127.26586394,36.76927602],[127.2656149,36.76964924],[127.26546154,36.77005422],[127.26540976,36.77047537],[127.26546154,36.77089652],[127.2656149,36.77130149],[127.26586394,36.7716747],[127.26619909,36.77200183],[127.26660747,36.77227029],[127.26707339,36.77246978],[127.26757895,36.77259262],[127.26810471,36.7726341],[127.26863046,36.77259262],[127.26913602,36.77246978],[127.26960194,36.77227029],[127.27001032,36.77200183],[127.27034547,36.7716747],[127.27059451,36.77130149],[127.27074787,36.77089652],[127.27079965,36.77047537]]]}",2023,법규위반별 사고다발구간
6835698,2023021,중앙선침범,4413111300,44131003,충남 천안시 동남구3,충남 천안시 동남구 봉명동(천안봉명초등학교 부근),3,5,0,0,5,0,127.132211791216,36.80450593554,"{""type"":""Polygon"",""coordinates"":[[[127.13490674,36.80450594],[127.13485495,36.80408497],[127.1347016,36.80368018],[127.13445256,36.80330712],[127.13411741,36.80298012],[127.13370902,36.80271177],[127.1332431,36.80251236],[127.13273755,36.80238957],[127.13221179,36.8023481],[127.13168603,36.80238957],[127.13118048,36.80251236],[127.13071456,36.80271177],[127.13030618,36.80298012],[127.12997103,36.80330712],[127.12972199,36.80368018],[127.12956863,36.80408497],[127.12951685,36.80450594],[127.12956863,36.8049269],[127.12972199,36.80533169],[127.12997103,36.80570474],[127.13030618,36.80603172],[127.13071456,36.80630006],[127.13118048,36.80649946],[127.13168603,36.80662225],[127.13221179,36.80666371],[127.13273755,36.80662225],[127.1332431,36.80649946],[127.13370902,36.80630006],[127.13411741,36.80603172],[127.13445256,36.80570474],[127.1347016,36.80533169],[127.13485495,36.8049269],[127.13490674,36.80450594]]]}",2023,법규위반별 사고다발구간
6835337,2023021,중앙선침범,4413310200,44133001,충남 천안시 서북구1,충남 천안시 서북구 성정동(천안감사교회 부근),3,5,0,0,5,0,127.146832141597,36.812773160007,"{""type"":""Polygon"",""coordinates"":[[[127.14952709,36.81277316],[127.1494753,36.81235224],[127.14932195,36.81194749],[127.14907291,36.81157447],[127.14873776,36.81124751],[127.14832937,36.81097919],[127.14786345,36.8107798],[127.1473579,36.81065702],[127.14683214,36.81061556],[127.14630638,36.81065702],[127.14580083,36.8107798],[127.14533491,36.81097919],[127.14492653,36.81124751],[127.14459138,36.81157447],[127.14434234,36.81194749],[127.14418898,36.81235224],[127.1441372,36.81277316],[127.14418898,36.81319408],[127.14434234,36.81359882],[127.14459138,36.81397183],[127.14492653,36.81429878],[127.14533491,36.81456709],[127.14580083,36.81476647],[127.14630638,36.81488924],[127.14683214,36.8149307],[127.1473579,36.81488924],[127.14786345,36.81476647],[127.14832937,36.81456709],[127.14873776,36.81429878],[127.14907291,36.81397183],[127.14932195,36.81359882],[127.1494753,36.81319408],[127.14952709,36.81277316]]]}",2023,법규위반별 사고다발구간
6835902,2023022,신호위반,4413310400,44133001,충남 천안시 서북구1,충남 천안시 서북구 두정동(서부대로사거리 부근),10,12,0,3,9,0,127.133107092306,36.826532764912,"{""type"":""Polygon"",""coordinates"":[[[127.13400541,36.82653276],[127.13398815,36.82639248],[127.13393703,36.82625759],[127.13385401,36.82613328],[127.1337423,36.82602431],[127.13360617,36.82593489],[127.13345086,36.82586844],[127.13328234,36.82582752],[127.13310709,36.8258137],[127.13293184,36.82582752],[127.13276332,36.82586844],[127.13260802,36.82593489],[127.13247189,36.82602431],[127.13236017,36.82613328],[127.13227716,36.82625759],[127.13222604,36.82639248],[127.13220878,36.82653276],[127.13222604,36.82667305],[127.13227716,36.82680794],[127.13236017,36.82693225],[127.13247189,36.82704122],[127.13260802,36.82713064],[127.13276332,36.82719709],[127.13293184,36.82723801],[127.13310709,36.82725182],[127.13328234,36.82723801],[127.13345086,36.82719709],[127.13360617,36.82713064],[127.1337423,36.82704122],[127.13385401,36.82693225],[127.13393703,36.82680794],[127.13398815,36.82667305],[127.13400541,36.82653276]]]}",2023,법규위반별 사고다발구간
6835399,2023021,중앙선침범,4413310800,44133002,충남 천안시 서북구2,충남 천안시 서북구 불당동(천안불당초등학교 부근),3,5,0,0,5,0,127.106292908438,36.806838888172,"{""type"":""Polygon"",""coordinates"":[[[127.10898785,36.80683889],[127.10893607,36.80641793],[127.10878271,36.80601315],[127.10853367,36.80564011],[127.10819852,36.80531312],[127.10779014,36.80504478],[127.10732422,36.80484538],[127.10681867,36.80472258],[127.10629291,36.80468112],[127.10576715,36.80472258],[127.1052616,36.80484538],[127.10479568,36.80504478],[127.10438729,36.80531312],[127.10405214,36.80564011],[127.1038031,36.80601315],[127.10364975,36.80641793],[127.10359796,36.80683889],[127.10364975,36.80725984],[127.1038031,36.80766461],[127.10405214,36.80803765],[127.10438729,36.80836462],[127.10479568,36.80863296],[127.1052616,36.80883235],[127.10576715,36.80895513],[127.10629291,36.80899659],[127.10681867,36.80895513],[127.10732422,36.80883235],[127.10779014,36.80863296],[127.10819852,36.80836462],[127.10853367,36.80803765],[127.10878271,36.80766461],[127.10893607,36.80725984],[127.10898785,36.80683889]]]}",2023,법규위반별 사고다발구간
6836014,2023022,신호위반,4413325625,44133002,충남 천안시 서북구2,충남 천안시 서북구 직산읍 수헐리(32-3 부근),6,14,0,2,12,0,127.141338012402,36.888329145557,"{""type"":""Polygon"",""coordinates"":[[[127.14223633,36.88832915],[127.14221907,36.88818898],[127.14216795,36.8880542],[127.14208493,36.88792998],[127.14197322,36.8878211],[127.14183709,36.88773175],[127.14168178,36.88766535],[127.14151327,36.88762447],[127.14133801,36.88761066],[127.14116276,36.88762447],[127.14099424,36.88766535],[127.14083894,36.88773175],[127.14070281,36.8878211],[127.14059109,36.88792998],[127.14050808,36.8880542],[127.14045696,36.88818898],[127.1404397,36.88832915],[127.14045696,36.88846931],[127.14050808,36.88860409],[127.14059109,36.88872831],[127.14070281,36.88883719],[127.14083894,36.88892654],[127.14099424,36.88899293],[127.14116276,36.88903382],[127.14133801,36.88904762],[127.14151327,36.88903382],[127.14168178,36.88899293],[127.14183709,36.88892654],[127.14197322,36.88883719],[127.14208493,36.88872831],[127.14216795,36.88860409],[127.14221907,36.88846931],[127.14223633,36.88832915]]]}",2023,법규위반별 사고다발구간
6835472,2023021,중앙선침범,4413310200,44133003,충남 천안시 서북구3,충남 천안시 서북구 성정동(백석사거리 부근),5,7,0,3,4,0,127.132918219646,36.818557471449,"{""type"":""Polygon"",""coordinates"":[[[127.13561317,36.81855747],[127.13556138,36.81813658],[127.13540802,36.81773186],[127.13515899,36.81735887],[127.13482383,36.81703194],[127.13441545,36.81676363],[127.13394953,36.81656426],[127.13344398,36.81644149],[127.13291822,36.81640004],[127.13239246,36.81644149],[127.13188691,36.81656426],[127.13142099,36.81676363],[127.13101261,36.81703194],[127.13067745,36.81735887],[127.13042841,36.81773186],[127.13027506,36.81813658],[127.13022327,36.81855747],[127.13027506,36.81897836],[127.13042841,36.81938307],[127.13067745,36.81975605],[127.13101261,36.82008297],[127.13142099,36.82035127],[127.13188691,36.82055063],[127.13239246,36.82067339],[127.13291822,36.82071485],[127.13344398,36.82067339],[127.13394953,36.82055063],[127.13441545,36.82035127],[127.13482383,36.82008297],[127.13515899,36.81975605],[127.13540802,36.81938307],[127.13556138,36.81897836],[127.13561317,36.81855747]]]}",2023,법규위반별 사고다발구간
6836061,2023022,신호위반,4413310700,44133003,충남 천안시 서북구3,충남 천안시 서북구 쌍용동(일봉산사거리 부근),6,7,0,2,5,0,127.130342384873,36.797845069323,"{""type"":""Polygon"",""coordinates"":[[[127.1312407,36.79784507],[127.13122344,36.79770473],[127.13117232,36.79756979],[127.13108931,36.79744543],[127.13097759,36.79733642],[127.13084146,36.79724697],[127.13068616,36.79718049],[127.13051764,36.79713956],[127.13034238,36.79712574],[127.13016713,36.79713956],[127.12999861,36.79718049],[127.12984331,36.79724697],[127.12970718,36.79733642],[127.12959546,36.79744543],[127.12951245,36.79756979],[127.12946133,36.79770473],[127.12944407,36.79784507],[127.12946133,36.7979854],[127.12951245,36.79812034],[127.12959546,36.79824471],[127.12970718,36.79835371],[127.12984331,36.79844317],[127.12999861,36.79850964],[127.13016713,36.79855057],[127.13034238,36.7985644],[127.13051764,36.79855057],[127.13068616,36.79850964],[127.13084146,36.79844317],[127.13097759,36.79835371],[127.13108931,36.79824471],[127.13117232,36.79812034],[127.13122344,36.7979854],[127.1312407,36.79784507]]]}",2023,법규위반별 사고다발구간
6835626,2023021,중앙선침범,4413310200,44133004,충남 천안시 서북구4,충남 천안시 서북구 성정동(성정평생학습관(지정)사거리 부근),7,7,0,3,3,1,127.140008624592,36.827233210451,"{""type"":""Polygon"",""coordinates"":[[[127.14270357,36.82723321],[127.14265179,36.82681237],[127.14249843,36.8264077],[127.14224939,36.82603475],[127.14191424,36.82570785],[127.14150586,36.82543958],[127.14103994,36.82524023],[127.14053438,36.82511747],[127.14000862,36.82507602],[127.13948287,36.82511747],[127.13897731,36.82524023],[127.13851139,36.82543958],[127.13810301,36.82570785],[127.13776786,36.82603475],[127.13751882,36.8264077],[127.13736546,36.82681237],[127.13731368,36.82723321],[127.13736546,36.82765405],[127.13751882,36.82805872],[127.13776786,36.82843166],[127.13810301,36.82875854],[127.13851139,36.8290268],[127.13897731,36.82922614],[127.13948287,36.82934889],[127.14000862,36.82939034],[127.14053438,36.82934889],[127.14103994,36.82922614],[127.14150586,36.8290268],[127.14191424,36.82875854],[127.14224939,36.82843166],[127.14249843,36.82805872],[127.14265179,36.82765405],[127.14270357,36.82723321]]]}",2023,법규위반별 사고다발구간
6836192,2023022,신호위반,4413310800,44133004,충남 천안시 서북구4,충남 천안시 서북구 불당동(더사랑교회 부근),10,18,0,2,16,0,127.108033703137,36.812723778463,"{""type"":""Polygon"",""coordinates"":[[[127.10893202,36.81272378],[127.10891476,36.81258347],[127.10886364,36.81244856],[127.10878062,36.81232422],[127.10866891,36.81221523],[127.10853278,36.81212579],[127.10837747,36.81205933],[127.10820896,36.8120184],[127.1080337,36.81200459],[127.10785845,36.8120184],[127.10768993,36.81205933],[127.10753463,36.81212579],[127.1073985,36.81221523],[127.10728678,36.81232422],[127.10720377,36.81244856],[127.10715265,36.81258347],[127.10713539,36.81272378],[127.10715265,36.81286409],[127.10720377,36.812999],[127.10728678,36.81312334],[127.1073985,36.81323232],[127.10753463,36.81332176],[127.10768993,36.81338822],[127.10785845,36.81342915],[127.1080337,36.81344296],[127.10820896,36.81342915],[127.10837747,36.81338822],[127.10853278,36.81332176],[127.10866891,36.81323232],[127.10878062,36.81312334],[127.10886364,36.812999],[127.10891476,36.81286409],[127.10893202,36.81272378]]]}",2023,법규위반별 사고다발구간
6835480,2023021,중앙선침범,4413310400,44133005,충남 천안시 서북구5,충남 천안시 서북구 두정동(서부대로사거리 부근),3,3,0,2,0,1,127.132341205319,36.826673378255,"{""type"":""Polygon"",""coordinates"":[[[127.13503615,36.82667338],[127.13498437,36.82625253],[127.13483101,36.82584786],[127.13458197,36.82547491],[127.13424682,36.82514801],[127.13383844,36.82487973],[127.13337252,36.82468038],[127.13286696,36.82455762],[127.13234121,36.82451617],[127.13181545,36.82455762],[127.13130989,36.82468038],[127.13084397,36.82487973],[127.13043559,36.82514801],[127.13010044,36.82547491],[127.1298514,36.82584786],[127.12969804,36.82625253],[127.12964626,36.82667338],[127.12969804,36.82709422],[127.1298514,36.82749889],[127.13010044,36.82787183],[127.13043559,36.82819872],[127.13084397,36.82846698],[127.13130989,36.82866632],[127.13181545,36.82878908],[127.13234121,36.82883052],[127.13286696,36.82878908],[127.13337252,36.82866632],[127.13383844,36.82846698],[127.13424682,36.82819872],[127.13458197,36.82787183],[127.13483101,36.82749889],[127.13498437,36.82709422],[127.13503615,36.82667338]]]}",2023,법규위반별 사고다발구간
6835823,2023021,중앙선침범,4413310200,44133006,충남 천안시 서북구6,충남 천안시 서북구 성정동(인쇄창사거리 부근),4,7,0,1,6,0,127.145378249357,36.82638394045,"{""type"":""Polygon"",""coordinates"":[[[127.1480732,36.82638394],[127.14802141,36.82596309],[127.14786805,36.82555842],[127.14761901,36.82518546],[127.14728386,36.82485857],[127.14687548,36.82459029],[127.14640956,36.82439094],[127.14590401,36.82426818],[127.14537825,36.82422673],[127.14485249,36.82426818],[127.14434694,36.82439094],[127.14388102,36.82459029],[127.14347263,36.82485857],[127.14313748,36.82518546],[127.14288844,36.82555842],[127.14273509,36.82596309],[127.1426833,36.82638394],[127.14273509,36.82680479],[127.14288844,36.82720945],[127.14313748,36.8275824],[127.14347263,36.82790928],[127.14388102,36.82817755],[127.14434694,36.82837689],[127.14485249,36.82849965],[127.14537825,36.82854109],[127.14590401,36.82849965],[127.14640956,36.82837689],[127.14687548,36.82817755],[127.14728386,36.82790928],[127.14761901,36.8275824],[127.14786805,36.82720945],[127.14802141,36.82680479],[127.1480732,36.82638394]]]}",2023,법규위반별 사고다발구간
6835757,2023021,중앙선침범,4413310200,44133007,충남 천안시 서북구7,충남 천안시 서북구 성정2동(천안성정중학교 부근),3,3,0,1,2,0,127.136070637393,36.831210199837,"{""type"":""Polygon"",""coordinates"":[[[127.13876558,36.8312102],[127.1387138,36.83078938],[127.13856044,36.83038473],[127.1383114,36.8300118],[127.13797625,36.82968492],[127.13756787,36.82941666],[127.13710195,36.82921732],[127.1365964,36.82909457],[127.13607064,36.82905312],[127.13554488,36.82909457],[127.13503933,36.82921732],[127.13457341,36.82941666],[127.13416502,36.82968492],[127.13382987,36.8300118],[127.13358083,36.83038473],[127.13342747,36.83078938],[127.13337569,36.8312102],[127.13342747,36.83163102],[127.13358083,36.83203566],[127.13382987,36.83240858],[127.13416502,36.83273545],[127.13457341,36.8330037],[127.13503933,36.83320303],[127.13554488,36.83332577],[127.13607064,36.83336722],[127.1365964,36.83332577],[127.13710195,36.83320303],[127.13756787,36.8330037],[127.13797625,36.83273545],[127.1383114,36.83240858],[127.13856044,36.83203566],[127.1387138,36.83163102],[127.13876558,36.8312102]]]}",2023,법규위반별 사고다발구간
6835824,2023021,중앙선침범,4413310400,44133008,충남 천안시 서북구8,충남 천안시 서북구 두정동(천안부성초등학교 부근),3,3,0,0,2,1,127.134230351018,36.834730005289,"{""type"":""Polygon"",""coordinates"":[[[127.1369253,36.83473001],[127.13687351,36.8343092],[127.13672016,36.83390457],[127.13647112,36.83353166],[127.13613597,36.8332048],[127.13572758,36.83293655],[127.13526166,36.83273722],[127.13475611,36.83261447],[127.13423035,36.83257303],[127.13370459,36.83261447],[127.13319904,36.83273722],[127.13273312,36.83293655],[127.13232474,36.8332048],[127.13198959,36.83353166],[127.13174055,36.83390457],[127.13158719,36.8343092],[127.13153541,36.83473001],[127.13158719,36.8351508],[127.13174055,36.83555543],[127.13198959,36.83592833],[127.13232474,36.83625518],[127.13273312,36.83652342],[127.13319904,36.83672274],[127.13370459,36.83684548],[127.13423035,36.83688692],[127.13475611,36.83684548],[127.13526166,36.83672274],[127.13572758,36.83652342],[127.13613597,36.83625518],[127.13647112,36.83592833],[127.13672016,36.83555543],[127.13687351,36.8351508],[127.1369253,36.83473001]]]}",2023,법규위반별 사고다발구간
6835696,2023021,중앙선침범,4413310800,44133009,충남 천안시 서북구9,충남 천안시 서북구 불당동(하랑어린이집 부근),4,5,0,0,3,2,127.110521018419,36.819779824493,"{""type"":""Polygon"",""coordinates"":[[[127.11321596,36.81977982],[127.11316418,36.81935894],[127.11301082,36.81895423],[127.11276178,36.81858124],[127.11242663,36.81825432],[127.11201825,36.81798602],[127.11155233,36.81778665],[127.11104678,36.81766388],[127.11052102,36.81762242],[127.10999526,36.81766388],[127.10948971,36.81778665],[127.10902379,36.81798602],[127.1086154,36.81825432],[127.10828025,36.81858124],[127.10803121,36.81895423],[127.10787786,36.81935894],[127.10782607,36.81977982],[127.10787786,36.82020071],[127.10803121,36.82060541],[127.10828025,36.82097839],[127.1086154,36.8213053],[127.10902379,36.82157359],[127.10948971,36.82177295],[127.10999526,36.82189571],[127.11052102,36.82193716],[127.11104678,36.82189571],[127.11155233,36.82177295],[127.11201825,36.82157359],[127.11242663,36.8213053],[127.11276178,36.82097839],[127.11301082,36.82060541],[127.11316418,36.82020071],[127.11321596,36.81977982]]]}",2023,법규위반별 사고다발구간
6812388,2023010,,4413310400,44133001,충청남도 천안시 서북구1,충청남도 천안시 서북구 두정동(오성초교 부근),2,2,0,2,0,0,127.130338446926,36.830408243175,"{""type"":""Polygon"",""coordinates"":[[[127.13303339,36.83040824],[127.13298161,36.82998742],[127.13282825,36.82958276],[127.13257921,36.82920983],[127.13224406,36.82888295],[127.13183568,36.82861468],[127.13136976,36.82841534],[127.1308642,36.82829259],[127.13033845,36.82825114],[127.12981269,36.82829259],[127.12930714,36.82841534],[127.12884122,36.82861468],[127.12843283,36.82888295],[127.12809768,36.82920983],[127.12784864,36.82958276],[127.12769528,36.82998742],[127.1276435,36.83040824],[127.12769528,36.83082907],[127.12784864,36.83123371],[127.12809768,36.83160664],[127.12843283,36.83193351],[127.12884122,36.83220176],[127.12930714,36.83240109],[127.12981269,36.83252384],[127.13033845,36.83256528],[127.1308642,36.83252384],[127.13136976,36.83240109],[127.13183568,36.83220176],[127.13224406,36.83193351],[127.13257921,36.83160664],[127.13282825,36.83123371],[127.13298161,36.83082907],[127.13303339,36.83040824]]]}",2023,스쿨존내어린이 사고다발지역
6836960,2023026,,4413310800,44130001,충청남도 천안시1,충청남도 천안시 서북구 불당동(불당동1883 인근),37,57,0,6,50,1,127.107740268498,36.81277489981,"{""type"":""Polygon"",""coordinates"":[[[127.10908774,36.81255364],[127.10906185,36.81234227],[127.10898517,36.81213902],[127.10886065,36.81195171],[127.10869308,36.81178753],[127.10848888,36.81165279],[127.10825592,36.81155267],[127.10800315,36.81149101],[127.10774027,36.81147019],[127.10747739,36.81149101],[127.10722461,36.81155267],[127.10699165,36.81165279],[127.10678746,36.81178753],[127.10661989,36.81195171],[127.10649537,36.81213902],[127.10641869,36.81234227],[127.1063928,36.81255364],[127.10641869,36.81276501],[127.10649537,36.81296825],[127.10661989,36.81315556],[127.10678746,36.81331974],[127.10699165,36.81345448],[127.10722461,36.8135546],[127.10747739,36.81361625],[127.10774027,36.81363707],[127.10800315,36.81361625],[127.10825592,36.8135546],[127.10848888,36.81345448],[127.10869308,36.81331974],[127.10886065,36.81315556],[127.10898517,36.81296825],[127.10906185,36.81276501],[127.10908774,36.81255364]]]}",2023,지자체별 사고다발구간
6836961,2023026,,4413310700,44130002,충청남도 천안시2,충청남도 천안시 서북구 쌍용동(일봉산사거리 인근),37,46,0,6,38,2,127.130518294583,36.797963416447,"{""type"":""Polygon"",""coordinates"":[[[127.13186577,36.79774234],[127.13183988,36.79753093],[127.1317632,36.79732765],[127.13163868,36.7971403],[127.1314711,36.79697608],[127.13126691,36.79684132],[127.13103395,36.79674117],[127.13078117,36.79667951],[127.13051829,36.79665869],[127.13025542,36.79667951],[127.13000264,36.79674117],[127.12976968,36.79684132],[127.12956549,36.79697608],[127.12939791,36.7971403],[127.12927339,36.79732765],[127.12919671,36.79753093],[127.12917082,36.79774234],[127.12919671,36.79795375],[127.12927339,36.79815703],[127.12939791,36.79834438],[127.12956549,36.79850859],[127.12976968,36.79864336],[127.13000264,36.79874349],[127.13025542,36.79880516],[127.13051829,36.79882598],[127.13078117,36.79880516],[127.13103395,36.79874349],[127.13126691,36.79864336],[127.1314711,36.79850859],[127.13163868,36.79834438],[127.1317632,36.79815703],[127.13183988,36.79795375],[127.13186577,36.79774234]]]}",2023,지자체별 사고다발구간
6836962,2023026,,4413310400,44130003,충청남도 천안시3,충청남도 천안시 서북구 두정동(커피농 인근),37,44,0,5,36,3,127.135650815432,36.832506687401,"{""type"":""Polygon"",""coordinates"":[[[127.13699829,36.83228518],[127.1369724,36.83207386],[127.13689572,36.83187067],[127.1367712,36.83168341],[127.13660362,36.83151927],[127.13639943,36.83138456],[127.13616647,36.83128447],[127.13591369,36.83122283],[127.13565082,36.83120201],[127.13538794,36.83122283],[127.13513516,36.83128447],[127.1349022,36.83138456],[127.13469801,36.83151927],[127.13453043,36.83168341],[127.13440591,36.83187067],[127.13432923,36.83207386],[127.13430334,36.83228518],[127.13432923,36.83249649],[127.13440591,36.83269968],[127.13453043,36.83288694],[127.13469801,36.83305108],[127.1349022,36.83318578],[127.13513516,36.83328587],[127.13538794,36.83334751],[127.13565082,36.83336832],[127.13591369,36.83334751],[127.13616647,36.83328587],[127.13639943,36.83318578],[127.13660362,36.83305108],[127.1367712,36.83288694],[127.13689572,36.83269968],[127.1369724,36.83249649],[127.13699829,36.83228518]]]}",2023,지자체별 사고다발구간
6931287,2024050,중앙선침범,4413111600,44131001,충남 천안시 동남구1,충남 천안시 동남구 신방동(신흥삼거리 부근),3,7,0,0,7,0,127.126450314046,36.777831532617,"{""type"":""Polygon"",""coordinates"":[[[127.12914526,36.77761071],[127.12909348,36.77718778],[127.12894012,36.7767811],[127.12869108,36.7764063],[127.12835593,36.77607778],[127.12794755,36.77580817],[127.12748163,36.77560783],[127.12697607,36.77548447],[127.12645031,36.77544281],[127.12592456,36.77548447],[127.125419,36.77560783],[127.12495308,36.77580817],[127.1245447,36.77607778],[127.12420955,36.7764063],[127.12396051,36.7767811],[127.12380715,36.77718778],[127.12375537,36.77761071],[127.12380715,36.77803364],[127.12396051,36.77844031],[127.12420955,36.7788151],[127.1245447,36.77914361],[127.12495308,36.77941321],[127.125419,36.77961353],[127.12592456,36.77973689],[127.12645031,36.77977855],[127.12697607,36.77973689],[127.12748163,36.77961353],[127.12794755,36.77941321],[127.12835593,36.77914361],[127.12869108,36.7788151],[127.12894012,36.77844031],[127.12909348,36.77803364],[127.12914526,36.77761071]]]}",2024,법규위반별 사고다발구간
6932561,2024052,신호위반,4413111800,44131001,충남 천안시 동남구1,충남 천안시 동남구 신부동(역말오거리 부근),6,7,0,1,6,0,127.153229170032,36.824811503246,"{""type"":""Polygon"",""coordinates"":[[[127.15412749,36.82459009],[127.15411022,36.8244492],[127.15405911,36.82431372],[127.15397609,36.82418887],[127.15386437,36.82407943],[127.15372825,36.82398962],[127.15357294,36.82392288],[127.15340442,36.82388179],[127.15322917,36.82386791],[127.15305392,36.82388179],[127.1528854,36.82392288],[127.15273009,36.82398962],[127.15259397,36.82407943],[127.15248225,36.82418887],[127.15239923,36.82431372],[127.15234812,36.8244492],[127.15233085,36.82459009],[127.15234812,36.82473098],[127.15239923,36.82486645],[127.15248225,36.82499131],[127.15259397,36.82510074],[127.15273009,36.82519055],[127.1528854,36.82525729],[127.15305392,36.82529839],[127.15322917,36.82531226],[127.15340442,36.82529839],[127.15357294,36.82525729],[127.15372825,36.82519055],[127.15386437,36.82510074],[127.15397609,36.82499131],[127.15405911,36.82486645],[127.15411022,36.82473098],[127.15412749,36.82459009]]]}",2024,법규위반별 사고다발구간
6931277,2024050,중앙선침범,4413111400,44131002,충남 천안시 동남구2,충남 천안시 동남구 다가동(다가교 부근),3,4,0,3,1,0,127.145757647272,36.798804701565,"{""type"":""Polygon"",""coordinates"":[[[127.14845259,36.79858362],[127.14840081,36.7981608],[127.14824745,36.79775423],[127.14799841,36.79737953],[127.14766326,36.79705111],[127.14725488,36.79678157],[127.14678896,36.79658129],[127.14628341,36.79645796],[127.14575765,36.79641631],[127.14523189,36.79645796],[127.14472634,36.79658129],[127.14426042,36.79678157],[127.14385203,36.79705111],[127.14351688,36.79737953],[127.14326784,36.79775423],[127.14311448,36.7981608],[127.1430627,36.79858362],[127.14311448,36.79900643],[127.14326784,36.79941299],[127.14351688,36.79978768],[127.14385203,36.80011609],[127.14426042,36.80038561],[127.14472634,36.80058589],[127.14523189,36.80070921],[127.14575765,36.80075086],[127.14628341,36.80070921],[127.14678896,36.80058589],[127.14725488,36.80038561],[127.14766326,36.80011609],[127.14799841,36.79978768],[127.14824745,36.79941299],[127.14840081,36.79900643],[127.14845259,36.79858362]]]}",2024,법규위반별 사고다발구간
6931337,2024050,중앙선침범,4413111700,44131003,충남 천안시 동남구3,충남 천안시 동남구 쌍용동(오늘더케이크 부근),3,4,0,2,0,2,127.131467243138,36.800110563084,"{""type"":""Polygon"",""coordinates"":[[[127.13416219,36.79988946],[127.13411041,36.79946665],[127.13395705,36.79906009],[127.13370801,36.7986854],[127.13337286,36.79835698],[127.13296447,36.79808745],[127.13249855,36.79788717],[127.131993,36.79776384],[127.13146724,36.7977222],[127.13094149,36.79776384],[127.13043593,36.79788717],[127.12997001,36.79808745],[127.12956163,36.79835698],[127.12922648,36.7986854],[127.12897744,36.79906009],[127.12882408,36.79946665],[127.1287723,36.79988946],[127.12882408,36.80031227],[127.12897744,36.80071882],[127.12922648,36.8010935],[127.12956163,36.80142191],[127.12997001,36.80169143],[127.13043593,36.8018917],[127.13094149,36.80201502],[127.13146724,36.80205666],[127.131993,36.80201502],[127.13249855,36.8018917],[127.13296447,36.80169143],[127.13337286,36.80142191],[127.13370801,36.8010935],[127.13395705,36.80071882],[127.13411041,36.80031227],[127.13416219,36.79988946]]]}",2024,법규위반별 사고다발구간
6931703,2024050,중앙선침범,4413125033,44131004,충남 천안시 동남구4,충남 천안시 동남구 목천읍(선경약국 부근),3,3,0,0,3,0,127.198998118854,36.769856340673,"{""type"":""Polygon"",""coordinates"":[[[127.20169306,36.76963562],[127.20164128,36.76921264],[127.20148792,36.76880592],[127.20123888,36.76843108],[127.20090373,36.76810253],[127.20049535,36.76783289],[127.20002943,36.76763253],[127.19952388,36.76750915],[127.19899812,36.76746749],[127.19847236,36.76750915],[127.19796681,36.76763253],[127.19750089,36.76783289],[127.1970925,36.76810253],[127.19675735,36.76843108],[127.19650831,36.76880592],[127.19635496,36.76921264],[127.19630317,36.76963562],[127.19635496,36.77005859],[127.19650831,36.77046531],[127.19675735,36.77084014],[127.1970925,36.77116868],[127.19750089,36.7714383],[127.19796681,36.77163865],[127.19847236,36.77176203],[127.19899812,36.77180368],[127.19952388,36.77176203],[127.20002943,36.77163865],[127.20049535,36.7714383],[127.20090373,36.77116868],[127.20123888,36.77084014],[127.20148792,36.77046531],[127.20164128,36.77005859],[127.20169306,36.76963562]]]}",2024,법규위반별 사고다발구간
6931378,2024050,중앙선침범,4413310200,44133001,충남 천안시 서북구1,충남 천안시 서북구 성정동(인쇄창사거리 부근),12,17,0,4,10,3,127.143119390766,36.827449924697,"{""type"":""Polygon"",""coordinates"":[[[127.14581434,36.82722848],[127.14576255,36.82680582],[127.1456092,36.82639941],[127.14536016,36.82602485],[127.14502501,36.82569655],[127.14461662,36.82542712],[127.1441507,36.82522691],[127.14364515,36.82510362],[127.14311939,36.82506199],[127.14259363,36.82510362],[127.14208808,36.82522691],[127.14162216,36.82542712],[127.14121378,36.82569655],[127.14087863,36.82602485],[127.14062959,36.82639941],[127.14047623,36.82680582],[127.14042444,36.82722848],[127.14047623,36.82765113],[127.14062959,36.82805754],[127.14087863,36.82843208],[127.14121378,36.82876038],[127.14162216,36.8290298],[127.14208808,36.82922999],[127.14259363,36.82935327],[127.14311939,36.8293949],[127.14364515,36.82935327],[127.1441507,36.82922999],[127.14461662,36.8290298],[127.14502501,36.82876038],[127.14536016,36.82843208],[127.1456092,36.82805754],[127.14576255,36.82765113],[127.14581434,36.82722848]]]}",2024,법규위반별 사고다발구간
6932454,2024052,신호위반,4413310700,44133001,충남 천안시 서북구1,충남 천안시 서북구 쌍용동(차돌길삼거리 부근),9,11,0,4,7,0,127.13078879429,36.798520287431,"{""type"":""Polygon"",""coordinates"":[[[127.13168711,36.7982992],[127.13166985,36.79815827],[127.13161873,36.79802274],[127.13153572,36.79789785],[127.131424,36.79778837],[127.13128787,36.79769853],[127.13113256,36.79763177],[127.13096405,36.79759066],[127.13078879,36.79757678],[127.13061354,36.79759066],[127.13044502,36.79763177],[127.13028972,36.79769853],[127.13015359,36.79778837],[127.13004187,36.79789785],[127.12995886,36.79802274],[127.12990774,36.79815827],[127.12989048,36.7982992],[127.12990774,36.79844014],[127.12995886,36.79857566],[127.13004187,36.79870056],[127.13015359,36.79881004],[127.13028972,36.79889988],[127.13044502,36.79896664],[127.13061354,36.79900775],[127.13078879,36.79902163],[127.13096405,36.79900775],[127.13113256,36.79896664],[127.13128787,36.79889988],[127.131424,36.79881004],[127.13153572,36.79870056],[127.13161873,36.79857566],[127.13166985,36.79844014],[127.13168711,36.7982992]]]}",2024,법규위반별 사고다발구간
6932347,2024052,신호위반,4413310400,44133010,충남 천안시 서북구10,충남 천안시 서북구 두정동(저팔계왕족발보쌈 부근),7,9,0,6,2,1,127.137883612327,36.830810076644,"{""type"":""Polygon"",""coordinates"":[[[127.13878193,36.83058859],[127.13876467,36.83044771],[127.13871355,36.83031224],[127.13863053,36.8301874],[127.13851882,36.83007797],[127.13838269,36.82998817],[127.13822738,36.82992143],[127.13805886,36.82988034],[127.13788361,36.82986647],[127.13770836,36.82988034],[127.13753984,36.82992143],[127.13738454,36.82998817],[127.13724841,36.83007797],[127.13713669,36.8301874],[127.13705368,36.83031224],[127.13700256,36.83044771],[127.1369853,36.83058859],[127.13700256,36.83072947],[127.13705368,36.83086493],[127.13713669,36.83098977],[127.13724841,36.8310992],[127.13738454,36.83118901],[127.13753984,36.83125574],[127.13770836,36.83129683],[127.13788361,36.8313107],[127.13805886,36.83129683],[127.13822738,36.83125574],[127.13838269,36.83118901],[127.13851882,36.8310992],[127.13863053,36.83098977],[127.13871355,36.83086493],[127.13876467,36.83072947],[127.13878193,36.83058859]]]}",2024,법규위반별 사고다발구간
6932628,2024052,신호위반,4413310200,44133011,충남 천안시 서북구11,충남 천안시 서북구 성정동(성정평생학습관(지정)사거리 부근),6,12,0,4,6,2,127.136510311339,36.825978546904,"{""type"":""Polygon"",""coordinates"":[[[127.13740863,36.82575712],[127.13739137,36.82561623],[127.13734025,36.82548076],[127.13725723,36.8253559],[127.13714552,36.82524647],[127.13700939,36.82515666],[127.13685408,36.82508992],[127.13668556,36.82504883],[127.13651031,36.82503495],[127.13633506,36.82504883],[127.13616654,36.82508992],[127.13601123,36.82515666],[127.13587511,36.82524647],[127.13576339,36.8253559],[127.13568038,36.82548076],[127.13562926,36.82561623],[127.135612,36.82575712],[127.13562926,36.82589801],[127.13568038,36.82603348],[127.13576339,36.82615833],[127.13587511,36.82626776],[127.13601123,36.82635757],[127.13616654,36.82642431],[127.13633506,36.8264654],[127.13651031,36.82647928],[127.13668556,36.8264654],[127.13685408,36.82642431],[127.13700939,36.82635757],[127.13714552,36.82626776],[127.13725723,36.82615833],[127.13734025,36.82603348],[127.13739137,36.82589801],[127.13740863,36.82575712]]]}",2024,법규위반별 사고다발구간
6932446,2024052,신호위반,4413310700,44133012,충남 천안시 서북구12,충남 천안시 서북구 쌍용동(쌍용동사거리 부근),6,11,0,1,9,1,127.126709496381,36.800639526181,"{""type"":""Polygon"",""coordinates"":[[[127.12760781,36.80041842],[127.12759055,36.80027748],[127.12753943,36.80014196],[127.12745642,36.80001707],[127.1273447,36.7999076],[127.12720857,36.79981776],[127.12705327,36.799751],[127.12688475,36.79970989],[127.1267095,36.79969601],[127.12653424,36.79970989],[127.12636573,36.799751],[127.12621042,36.79981776],[127.12607429,36.7999076],[127.12596257,36.80001707],[127.12587956,36.80014196],[127.12582844,36.80027748],[127.12581118,36.80041842],[127.12582844,36.80055935],[127.12587956,36.80069487],[127.12596257,36.80081976],[127.12607429,36.80092923],[127.12621042,36.80101907],[127.12636573,36.80108583],[127.12653424,36.80112694],[127.1267095,36.80114082],[127.12688475,36.80112694],[127.12705327,36.80108583],[127.12720857,36.80101907],[127.1273447,36.80092923],[127.12745642,36.80081976],[127.12753943,36.80069487],[127.12759055,36.80055935],[127.12760781,36.80041842]]]}",2024,법규위반별 사고다발구간
6931644,2024050,중앙선침범,4413310200,44133002,충남 천안시 서북구2,충남 천안시 서북구 성정동(천안성정중학교 부근),7,11,0,2,8,1,127.135889669719,36.829336631132,"{""type"":""Polygon"",""coordinates"":[[[127.13858462,36.82911516],[127.13853283,36.82869252],[127.13837948,36.82828611],[127.13813044,36.82791156],[127.13779528,36.82758327],[127.1373869,36.82731384],[127.13692098,36.82711364],[127.13641543,36.82699036],[127.13588967,36.82694873],[127.13536391,36.82699036],[127.13485836,36.82711364],[127.13439244,36.82731384],[127.13398406,36.82758327],[127.1336489,36.82791156],[127.13339986,36.82828611],[127.13324651,36.82869252],[127.13319472,36.82911516],[127.13324651,36.8295378],[127.13339986,36.8299442],[127.1336489,36.83031874],[127.13398406,36.83064702],[127.13439244,36.83091643],[127.13485836,36.83111663],[127.13536391,36.8312399],[127.13588967,36.83128153],[127.13641543,36.8312399],[127.13692098,36.83111663],[127.1373869,36.83091643],[127.13779528,36.83064702],[127.13813044,36.83031874],[127.13837948,36.8299442],[127.13853283,36.8295378],[127.13858462,36.82911516]]]}",2024,법규위반별 사고다발구간
6932627,2024052,신호위반,4413310400,44133002,충남 천안시 서북구2,충남 천안시 서북구 두정동(서부대로사거리 부근),9,10,0,0,10,0,127.132912237621,36.825679024663,"{""type"":""Polygon"",""coordinates"":[[[127.13381055,36.8254576],[127.13379329,36.82531671],[127.13374217,36.82518124],[127.13365916,36.82505638],[127.13354744,36.82494695],[127.13341131,36.82485714],[127.13325601,36.8247904],[127.13308749,36.82474931],[127.13291224,36.82473543],[127.13273699,36.82474931],[127.13256847,36.8247904],[127.13241316,36.82485714],[127.13227703,36.82494695],[127.13216532,36.82505638],[127.1320823,36.82518124],[127.13203118,36.82531671],[127.13201392,36.8254576],[127.13203118,36.82559849],[127.1320823,36.82573396],[127.13216532,36.82585881],[127.13227703,36.82596825],[127.13241316,36.82605806],[127.13256847,36.82612479],[127.13273699,36.82616589],[127.13291224,36.82617976],[127.13308749,36.82616589],[127.13325601,36.82612479],[127.13341131,36.82605806],[127.13354744,36.82596825],[127.13365916,36.82585881],[127.13374217,36.82573396],[127.13379329,36.82559849],[127.13381055,36.8254576]]]}",2024,법규위반별 사고다발구간
6931291,2024050,중앙선침범,4413310800,44133003,충남 천안시 서북구3,충남 천안시 서북구 불당동(불당지웰시티어린이집 부근),6,9,0,1,8,0,127.106978698535,36.813038734153,"{""type"":""Polygon"",""coordinates"":[[[127.10967364,36.81281747],[127.10962186,36.81239473],[127.1094685,36.81198824],[127.10921946,36.81161361],[127.10888431,36.81128525],[127.10847593,36.81101577],[127.10801001,36.81081552],[127.10750446,36.81069221],[127.1069787,36.81065057],[127.10645294,36.81069221],[127.10594739,36.81081552],[127.10548147,36.81101577],[127.10507308,36.81128525],[127.10473793,36.81161361],[127.10448889,36.81198824],[127.10433554,36.81239473],[127.10428375,36.81281747],[127.10433554,36.8132402],[127.10448889,36.81364669],[127.10473793,36.8140213],[127.10507308,36.81434966],[127.10548147,36.81461913],[127.10594739,36.81481936],[127.10645294,36.81494267],[127.1069787,36.8149843],[127.10750446,36.81494267],[127.10801001,36.81481936],[127.10847593,36.81461913],[127.10888431,36.81434966],[127.10921946,36.8140213],[127.1094685,36.81364669],[127.10962186,36.8132402],[127.10967364,36.81281747]]]}",2024,법규위반별 사고다발구간
6932289,2024052,신호위반,4413310200,44133003,충남 천안시 서북구3,충남 천안시 서북구 성정동(구상골사거리 부근),8,11,0,1,10,0,127.135564033747,36.818619697466,"{""type"":""Polygon"",""coordinates"":[[[127.13646235,36.81839836],[127.13644509,36.81825746],[127.13639397,36.81812197],[127.13631096,36.81799711],[127.13619924,36.81788766],[127.13606311,36.81779784],[127.1359078,36.8177311],[127.13573929,36.81769],[127.13556403,36.81767612],[127.13538878,36.81769],[127.13522026,36.8177311],[127.13506496,36.81779784],[127.13492883,36.81788766],[127.13481711,36.81799711],[127.1347341,36.81812197],[127.13468298,36.81825746],[127.13466572,36.81839836],[127.13468298,36.81853926],[127.1347341,36.81867475],[127.13481711,36.81879961],[127.13492883,36.81890906],[127.13506496,36.81899888],[127.13522026,36.81906562],[127.13538878,36.81910672],[127.13556403,36.81912059],[127.13573929,36.81910672],[127.1359078,36.81906562],[127.13606311,36.81899888],[127.13619924,36.81890906],[127.13631096,36.81879961],[127.13639397,36.81867475],[127.13644509,36.81853926],[127.13646235,36.81839836]]]}",2024,법규위반별 사고다발구간
6931459,2024050,중앙선침범,4413310700,44133004,충남 천안시 서북구4,충남 천안시 서북구 쌍용동(쌍용역교차로 부근),5,10,0,2,6,2,127.124942560726,36.794030712128,"{""type"":""Polygon"",""coordinates"":[[[127.12763751,36.79380969],[127.12758572,36.79338684],[127.12743237,36.79298025],[127.12718333,36.79260553],[127.12684818,36.79227708],[127.12643979,36.79200753],[127.12597387,36.79180724],[127.12546832,36.7916839],[127.12494256,36.79164225],[127.1244168,36.7916839],[127.12391125,36.79180724],[127.12344533,36.79200753],[127.12303695,36.79227708],[127.1227018,36.79260553],[127.12245276,36.79298025],[127.1222994,36.79338684],[127.12224761,36.79380969],[127.1222994,36.79423253],[127.12245276,36.79463911],[127.1227018,36.79501382],[127.12303695,36.79534226],[127.12344533,36.7956118],[127.12391125,36.79581208],[127.1244168,36.79593542],[127.12494256,36.79597706],[127.12546832,36.79593542],[127.12597387,36.79581208],[127.12643979,36.7956118],[127.12684818,36.79534226],[127.12718333,36.79501382],[127.12743237,36.79463911],[127.12758572,36.79423253],[127.12763751,36.79380969]]]}",2024,법규위반별 사고다발구간
6932614,2024052,신호위반,4413310400,44133004,충남 천안시 서북구4,충남 천안시 서북구 두정동(두정역스타약국 부근),7,15,0,3,12,0,127.146513684499,36.833071676927,"{""type"":""Polygon"",""coordinates"":[[[127.147412,36.83285016],[127.14739474,36.83270928],[127.14734362,36.83257382],[127.14726061,36.83244898],[127.14714889,36.83233956],[127.14701276,36.83224975],[127.14685745,36.83218303],[127.14668894,36.83214193],[127.14651368,36.83212806],[127.14633843,36.83214193],[127.14616991,36.83218303],[127.14601461,36.83224975],[127.14587848,36.83233956],[127.14576676,36.83244898],[127.14568375,36.83257382],[127.14563263,36.83270928],[127.14561537,36.83285016],[127.14563263,36.83299103],[127.14568375,36.83312649],[127.14576676,36.83325133],[127.14587848,36.83336076],[127.14601461,36.83345056],[127.14616991,36.83351729],[127.14633843,36.83355838],[127.14651368,36.83357225],[127.14668894,36.83355838],[127.14685745,36.83351729],[127.14701276,36.83345056],[127.14714889,36.83336076],[127.14726061,36.83325133],[127.14734362,36.83312649],[127.14739474,36.83299103],[127.147412,36.83285016]]]}",2024,법규위반별 사고다발구간
6931284,2024050,중앙선침범,4413310500,44133005,충남 천안시 서북구5,충남 천안시 서북구 성성동(천안성성초등학교 부근),4,8,0,2,5,1,127.138057966988,36.841407302723,"{""type"":""Polygon"",""coordinates"":[[[127.14075291,36.84118568],[127.14070113,36.8407631],[127.14054777,36.84035676],[127.14029873,36.83998228],[127.13996358,36.83965403],[127.1395552,36.83938465],[127.13908928,36.83918448],[127.13858372,36.83906122],[127.13805797,36.8390196],[127.13753221,36.83906122],[127.13702666,36.83918448],[127.13656074,36.83938465],[127.13615235,36.83965403],[127.1358172,36.83998228],[127.13556816,36.84035676],[127.1354148,36.8407631],[127.13536302,36.84118568],[127.1354148,36.84160826],[127.13556816,36.84201459],[127.1358172,36.84238907],[127.13615235,36.8427173],[127.13656074,36.84298667],[127.13702666,36.84318683],[127.13753221,36.84331008],[127.13805797,36.8433517],[127.13858372,36.84331008],[127.13908928,36.84318683],[127.1395552,36.84298667],[127.13996358,36.8427173],[127.14029873,36.84238907],[127.14054777,36.84201459],[127.14070113,36.84160826],[127.14075291,36.84118568]]]}",2024,법규위반별 사고다발구간
6932595,2024052,신호위반,4413310800,44133005,충남 천안시 서북구5,충남 천안시 서북구 불당동(우소참숯화로구이 부근),7,13,0,2,10,1,127.105440015958,36.801548959648,"{""type"":""Polygon"",""coordinates"":[[[127.10633833,36.80132784],[127.10632107,36.80118691],[127.10626995,36.80105139],[127.10618694,36.8009265],[127.10607522,36.80081703],[127.10593909,36.80072719],[127.10578379,36.80066043],[127.10561527,36.80061932],[127.10544002,36.80060544],[127.10526476,36.80061932],[127.10509625,36.80066043],[127.10494094,36.80072719],[127.10480481,36.80081703],[127.10469309,36.8009265],[127.10461008,36.80105139],[127.10455896,36.80118691],[127.1045417,36.80132784],[127.10455896,36.80146877],[127.10461008,36.80160429],[127.10469309,36.80172918],[127.10480481,36.80183865],[127.10494094,36.80192849],[127.10509625,36.80199524],[127.10526476,36.80203635],[127.10544002,36.80205023],[127.10561527,36.80203635],[127.10578379,36.80199524],[127.10593909,36.80192849],[127.10607522,36.80183865],[127.10618694,36.80172918],[127.10626995,36.80160429],[127.10632107,36.80146877],[127.10633833,36.80132784]]]}",2024,법규위반별 사고다발구간
6931705,2024050,중앙선침범,4413310800,44133006,충남 천안시 서북구6,충남 천안시 서북구 불당동(세훈약국 부근),3,6,0,5,1,0,127.105539840723,36.799570570233,"{""type"":""Polygon"",""coordinates"":[[[127.10823479,36.79934947],[127.108183,36.79892666],[127.10802965,36.7985201],[127.10778061,36.79814541],[127.10744546,36.79781698],[127.10703707,36.79754745],[127.10657115,36.79734717],[127.1060656,36.79722384],[127.10553984,36.79718219],[127.10501408,36.79722384],[127.10450853,36.79734717],[127.10404261,36.79754745],[127.10363423,36.79781698],[127.10329908,36.79814541],[127.10305004,36.7985201],[127.10289668,36.79892666],[127.10284489,36.79934947],[127.10289668,36.79977228],[127.10305004,36.80017884],[127.10329908,36.80055352],[127.10363423,36.80088194],[127.10404261,36.80115145],[127.10450853,36.80135172],[127.10501408,36.80147505],[127.10553984,36.80151669],[127.1060656,36.80147505],[127.10657115,36.80135172],[127.10703707,36.80115145],[127.10744546,36.80088194],[127.10778061,36.80055352],[127.10802965,36.80017884],[127.108183,36.79977228],[127.10823479,36.79934947]]]}",2024,법규위반별 사고다발구간
6932483,2024052,신호위반,4413310800,44133006,충남 천안시 서북구6,충남 천안시 서북구 불당동(1442 부근),7,11,0,0,11,0,127.107047411268,36.797398516442,"{""type"":""Polygon"",""coordinates"":[[[127.10794573,36.79717745],[127.10792847,36.79703651],[127.10787735,36.79690098],[127.10779433,36.79677608],[127.10768262,36.79666661],[127.10754649,36.79657676],[127.10739118,36.79651],[127.10722266,36.79646889],[127.10704741,36.79645501],[127.10687216,36.79646889],[127.10670364,36.79651],[127.10654833,36.79657676],[127.10641221,36.79666661],[127.10630049,36.79677608],[127.10621748,36.79690098],[127.10616636,36.79703651],[127.1061491,36.79717745],[127.10616636,36.79731839],[127.10621748,36.79745391],[127.10630049,36.79757881],[127.10641221,36.79768829],[127.10654833,36.79777813],[127.10670364,36.79784489],[127.10687216,36.797886],[127.10704741,36.79789988],[127.10722266,36.797886],[127.10739118,36.79784489],[127.10754649,36.79777813],[127.10768262,36.79768829],[127.10779433,36.79757881],[127.10787735,36.79745391],[127.10792847,36.79731839],[127.10794573,36.79717745]]]}",2024,법규위반별 사고다발구간
6931706,2024050,중앙선침범,4413310800,44133007,충남 천안시 서북구7,충남 천안시 서북구 불당동(천안불당초등학교 부근),3,4,0,1,3,0,127.110957250185,36.804478873399,"{""type"":""Polygon"",""coordinates"":[[[127.1136522,36.80425772],[127.11360041,36.80383493],[127.11344706,36.80342839],[127.11319802,36.80305373],[127.11286286,36.80272532],[127.11245448,36.80245581],[127.11198856,36.80225554],[127.11148301,36.80213222],[127.11095725,36.80209058],[127.11043149,36.80213222],[127.10992594,36.80225554],[127.10946002,36.80245581],[127.10905164,36.80272532],[127.10871648,36.80305373],[127.10846744,36.80342839],[127.10831409,36.80383493],[127.1082623,36.80425772],[127.10831409,36.8046805],[127.10846744,36.80508703],[127.10871648,36.80546169],[127.10905164,36.80579008],[127.10946002,36.80605958],[127.10992594,36.80625984],[127.11043149,36.80638315],[127.11095725,36.80642479],[127.11148301,36.80638315],[127.11198856,36.80625984],[127.11245448,36.80605958],[127.11286286,36.80579008],[127.11319802,36.80546169],[127.11344706,36.80508703],[127.11360041,36.8046805],[127.1136522,36.80425772]]]}",2024,법규위반별 사고다발구간
6932396,2024052,신호위반,4413310400,44133007,충남 천안시 서북구7,충남 천안시 서북구 두정동(두정제일약국 부근),7,10,0,4,4,2,127.139024564863,36.833248203924,"{""type"":""Polygon"",""coordinates"":[[[127.13992288,36.83302668],[127.13990562,36.83288581],[127.1398545,36.83275035],[127.13977149,36.83262551],[127.13965977,36.83251608],[127.13952364,36.83242628],[127.13936834,36.83235955],[127.13919982,36.83231846],[127.13902456,36.83230458],[127.13884931,36.83231846],[127.13868079,36.83235955],[127.13852549,36.83242628],[127.13838936,36.83251608],[127.13827764,36.83262551],[127.13819463,36.83275035],[127.13814351,36.83288581],[127.13812625,36.83302668],[127.13814351,36.83316756],[127.13819463,36.83330302],[127.13827764,36.83342786],[127.13838936,36.83353728],[127.13852549,36.83362708],[127.13868079,36.83369381],[127.13884931,36.8337349],[127.13902456,36.83374878],[127.13919982,36.8337349],[127.13936834,36.83369381],[127.13952364,36.83362708],[127.13965977,36.83353728],[127.13977149,36.83342786],[127.1398545,36.83330302],[127.13990562,36.83316756],[127.13992288,36.83302668]]]}",2024,법규위반별 사고다발구간
6931577,2024050,중앙선침범,4413310300,44133008,충남 천안시 서북구8,충남 천안시 서북구 백석동(홍콩앤홍교 부근),3,3,0,1,2,0,127.116466446111,36.834504219699,"{""type"":""Polygon"",""coordinates"":[[[127.11916139,36.83428268],[127.11910961,36.83386007],[127.11895625,36.83345369],[127.11870721,36.83307917],[127.11837206,36.8327509],[127.11796368,36.83248149],[127.11749776,36.8322813],[127.1169922,36.83215803],[127.11646645,36.8321164],[127.11594069,36.83215803],[127.11543513,36.8322813],[127.11496921,36.83248149],[127.11456083,36.8327509],[127.11422568,36.83307917],[127.11397664,36.83345369],[127.11382328,36.83386007],[127.1137715,36.83428268],[127.11382328,36.8347053],[127.11397664,36.83511167],[127.11422568,36.83548618],[127.11456083,36.83581444],[127.11496921,36.83608383],[127.11543513,36.83628401],[127.11594069,36.83640728],[127.11646645,36.8364489],[127.1169922,36.83640728],[127.11749776,36.83628401],[127.11796368,36.83608383],[127.11837206,36.83581444],[127.11870721,36.83548618],[127.11895625,36.83511167],[127.11910961,36.8347053],[127.11916139,36.83428268]]]}",2024,법규위반별 사고다발구간
6932572,2024052,신호위반,4413310200,44133008,충남 천안시 서북구8,충남 천안시 서북구 성정동(백석사거리 부근),7,10,0,2,6,2,127.131339663675,36.819313578275,"{""type"":""Polygon"",""coordinates"":[[[127.13223798,36.81909223],[127.13222072,36.81895133],[127.1321696,36.81881585],[127.13208659,36.81869098],[127.13197487,36.81858154],[127.13183874,36.81849172],[127.13168343,36.81842498],[127.13151492,36.81838388],[127.13133966,36.81837],[127.13116441,36.81838388],[127.13099589,36.81842498],[127.13084059,36.81849172],[127.13070446,36.81858154],[127.13059274,36.81869098],[127.13050973,36.81881585],[127.13045861,36.81895133],[127.13044135,36.81909223],[127.13045861,36.81923313],[127.13050973,36.81936862],[127.13059274,36.81949348],[127.13070446,36.81960292],[127.13084059,36.81969274],[127.13099589,36.81975948],[127.13116441,36.81980058],[127.13133966,36.81981446],[127.13151492,36.81980058],[127.13168343,36.81975948],[127.13183874,36.81969274],[127.13197487,36.81960292],[127.13208659,36.81949348],[127.1321696,36.81936862],[127.13222072,36.81923313],[127.13223798,36.81909223]]]}",2024,법규위반별 사고다발구간
6931443,2024050,중앙선침범,4413310300,44133009,충남 천안시 서북구9,충남 천안시 서북구 백석동(또바기어린이집 부근),3,3,0,0,3,0,127.12567319086,36.824696396392,"{""type"":""Polygon"",""coordinates"":[[[127.12836814,36.82447498],[127.12831635,36.82405231],[127.128163,36.82364588],[127.12791396,36.82327131],[127.12757881,36.822943],[127.12717042,36.82267356],[127.1267045,36.82247334],[127.12619895,36.82235005],[127.12567319,36.82230842],[127.12514743,36.82235005],[127.12464188,36.82247334],[127.12417596,36.82267356],[127.12376758,36.822943],[127.12343243,36.82327131],[127.12318339,36.82364588],[127.12303003,36.82405231],[127.12297825,36.82447498],[127.12303003,36.82489765],[127.12318339,36.82530408],[127.12343243,36.82567864],[127.12376758,36.82600694],[127.12417596,36.82627637],[127.12464188,36.82647657],[127.12514743,36.82659986],[127.12567319,36.82664148],[127.12619895,36.82659986],[127.1267045,36.82647657],[127.12717042,36.82627637],[127.12757881,36.82600694],[127.12791396,36.82567864],[127.128163,36.82530408],[127.12831635,36.82489765],[127.12836814,36.82447498]]]}",2024,법규위반별 사고다발구간
6932429,2024052,신호위반,4413310300,44133009,충남 천안시 서북구9,충남 천안시 서북구 백석동(운동장사거리 부근),7,10,0,0,10,0,127.111123524461,36.82237972408,"{""type"":""Polygon"",""coordinates"":[[[127.11202184,36.82215834],[127.11200458,36.82201745],[127.11195346,36.82188197],[127.11187045,36.82175711],[127.11175873,36.82164767],[127.1116226,36.82155785],[127.11146729,36.82149111],[127.11129878,36.82145002],[127.11112352,36.82143614],[127.11094827,36.82145002],[127.11077975,36.82149111],[127.11062445,36.82155785],[127.11048832,36.82164767],[127.1103766,36.82175711],[127.11029359,36.82188197],[127.11024247,36.82201745],[127.11022521,36.82215834],[127.11024247,36.82229924],[127.11029359,36.82243471],[127.1103766,36.82255957],[127.11048832,36.82266901],[127.11062445,36.82275883],[127.11077975,36.82282556],[127.11094827,36.82286666],[127.11112352,36.82288054],[127.11129878,36.82286666],[127.11146729,36.82282556],[127.1116226,36.82275883],[127.11175873,36.82266901],[127.11187045,36.82255957],[127.11195346,36.82243471],[127.11200458,36.82229924],[127.11202184,36.82215834]]]}",2024,법규위반별 사고다발구간
6925728,2024041,,4413111800,44131001,충남 천안시 동남구1,충남 천안시 동남구 신부동(천안희망초교 부근),3,3,0,0,3,0,127.154151086321,36.825517330914,"{""type"":""Polygon"",""coordinates"":[[[127.15684603,36.82529591],[127.15679425,36.82487324],[127.15664089,36.82446682],[127.15639185,36.82409225],[127.1560567,36.82376394],[127.15564832,36.8234945],[127.1551824,36.82329429],[127.15467684,36.823171],[127.15415109,36.82312937],[127.15362533,36.823171],[127.15311978,36.82329429],[127.15265385,36.8234945],[127.15224547,36.82376394],[127.15191032,36.82409225],[127.15166128,36.82446682],[127.15150792,36.82487324],[127.15145614,36.82529591],[127.15150792,36.82571857],[127.15166128,36.82612499],[127.15191032,36.82649955],[127.15224547,36.82682785],[127.15265385,36.82709727],[127.15311978,36.82729747],[127.15362533,36.82742076],[127.15415109,36.82746239],[127.15467684,36.82742076],[127.1551824,36.82729747],[127.15564832,36.82709727],[127.1560567,36.82682785],[127.15639185,36.82649955],[127.15664089,36.82612499],[127.15679425,36.82571857],[127.15684603,36.82529591]]]}",2024,스쿨존내어린이 사고다발지역
6967825,2024056,,4413310400,44130001,충남 천안시1,충남 천안시 서북구 두정동(동대문약국 부근),54,61,0,7,40,14,127.136772811274,36.83309381621,"{""type"":""Polygon"",""coordinates"":[[[127.13812028,36.8328723],[127.13809439,36.83266099],[127.13801771,36.8324578],[127.13789319,36.83227053],[127.13772562,36.83210639],[127.13752143,36.83197169],[127.13728847,36.8318716],[127.13703569,36.83180996],[127.13677281,36.83178914],[127.13650993,36.83180996],[127.13625716,36.8318716],[127.1360242,36.83197169],[127.13582,36.83210639],[127.13565243,36.83227053],[127.13552791,36.8324578],[127.13545123,36.83266099],[127.13542534,36.8328723],[127.13545123,36.83308361],[127.13552791,36.8332868],[127.13565243,36.83347406],[127.13582,36.83363819],[127.1360242,36.8337729],[127.13625716,36.83387299],[127.13650993,36.83393462],[127.13677281,36.83395544],[127.13703569,36.83393462],[127.13728847,36.83387299],[127.13752143,36.8337729],[127.13772562,36.83363819],[127.13789319,36.83347406],[127.13801771,36.8332868],[127.13809439,36.83308361],[127.13812028,36.8328723]]]}",2024,지자체별 사고다발구간
6967826,2024056,,4413310800,44130002,충남 천안시2,충남 천안시 서북구 불당동(불당설약국 부근),43,57,0,7,40,10,127.108087008337,36.813041244864,"{""type"":""Polygon"",""coordinates"":[[[127.10943448,36.81281998],[127.10940859,36.81260861],[127.10933191,36.81240537],[127.10920739,36.81221805],[127.10903982,36.81205387],[127.10883562,36.81191913],[127.10860266,36.81181901],[127.10834989,36.81175736],[127.10808701,36.81173654],[127.10782413,36.81175736],[127.10757135,36.81181901],[127.10733839,36.81191913],[127.1071342,36.81205387],[127.10696663,36.81221805],[127.10684211,36.81240537],[127.10676543,36.81260861],[127.10673954,36.81281998],[127.10676543,36.81303135],[127.10684211,36.81323459],[127.10696663,36.8134219],[127.1071342,36.81358608],[127.10733839,36.81372081],[127.10757135,36.81382093],[127.10782413,36.81388259],[127.10808701,36.8139034],[127.10834989,36.81388259],[127.10860266,36.81382093],[127.10883562,36.81372081],[127.10903982,36.81358608],[127.10920739,36.8134219],[127.10933191,36.81323459],[127.10940859,36.81303135],[127.10943448,36.81281998]]]}",2024,지자체별 사고다발구간
6967827,2024056,,4413310700,44130003,충남 천안시3,충남 천안시 서북구 쌍용동(일봉산사거리 부근),42,60,1,12,42,5,127.13065561303,36.798209218892,"{""type"":""Polygon"",""coordinates"":[[[127.13200309,36.79798814],[127.13197719,36.79777673],[127.13190052,36.79757345],[127.131776,36.7973861],[127.13160842,36.79722188],[127.13140423,36.79708712],[127.13117127,36.79698698],[127.13091849,36.79692531],[127.13065561,36.79690449],[127.13039273,36.79692531],[127.13013996,36.79698698],[127.129907,36.79708712],[127.12970281,36.79722188],[127.12953523,36.7973861],[127.12941071,36.79757345],[127.12933403,36.79777673],[127.12930814,36.79798814],[127.12933403,36.79819955],[127.12941071,36.79840283],[127.12953523,36.79859018],[127.12970281,36.79875439],[127.129907,36.79888915],[127.13013996,36.79898929],[127.13039273,36.79905095],[127.13065561,36.79907178],[127.13091849,36.79905095],[127.13117127,36.79898929],[127.13140423,36.79888915],[127.13160842,36.79875439],[127.131776,36.79859018],[127.13190052,36.79840283],[127.13197719,36.79819955],[127.13200309,36.79798814]]]}",2024,지자체별 사고다발구간
